date,median_sale_price
2024-01-01,353000
2024-01-01,371400
2024-01-01,243700
2024-01-01,612500
2024-01-01,358700
2024-01-01,365400
2024-01-01,983700
2024-01-01,283400
2024-01-01,376700
2024-01-01,738900
2024-01-01,367500
2024-01-01,1800000
2024-01-01,268300
2024-01-01,188200
2024-01-01,228600
2024-01-01,433100
2024-01-01,262300
2024-01-01,214500
2024-01-01,1242300
2024-01-01,317100
2024-01-01,249200
2024-01-01,473000
2024-01-01,592600
2024-01-01,576700
2024-01-01,217700
2024-01-01,287900
2024-01-01,533400
2024-01-01,291500
2024-01-01,762400
2024-01-01,888100
2024-01-01,295800
2024-01-01,316500
2024-01-01,463200
2024-01-01,563300
2024-01-01,364300
2024-01-01,237400
2024-01-01,408200
2024-01-01,346400
2024-01-01,265200
2024-01-01,426900
2024-01-01,426500
2024-01-01,438500
2024-01-01,469400
2024-01-01,296600
2024-01-01,316900
2024-01-01,260400
2024-01-01,263900
2024-01-01,338400
2024-01-01,364400
2024-01-01,484300
2024-01-01,670000
2024-01-01,571600
2024-01-01,297100
2024-01-01,447400
2024-01-01,340500
2024-01-01,97100
2024-01-01,423300
2024-01-01,348400
2024-01-01,279400
2024-01-01,227900
2024-01-01,318600
2024-01-01,257600
2024-01-01,572700
2024-01-01,253800
2024-01-01,293700
2024-01-01,256400
2024-01-01,448300
2024-01-01,234500
2024-01-01,237800
2024-01-01,276500
2024-01-01,243000
2024-01-01,445000
2024-01-01,595800
2024-01-01,377900
2024-01-01,225400
2024-01-01,216400
2024-01-01,234900
2024-01-01,400300
2024-01-01,735300
2024-01-01,257400
2024-01-01,433200
2024-01-01,191700
2024-01-01,405200
2024-01-01,316800
2024-01-01,272400
2024-01-01,327000
2024-01-01,497400
2024-01-01,191500
2024-01-01,354900
2024-01-01,443200
2024-01-01,321600
2024-01-01,542200
2024-01-01,522700
2024-01-01,310600
2024-01-01,240000
2024-01-01,364900
2024-01-01,370900
2024-01-01,463000
2024-01-01,388900
2024-01-01,322900
2024-01-01,421000
2024-01-01,246400
2024-01-01,256600
2024-01-01,169900
2024-01-01,922700
2024-01-01,340200
2024-01-01,382300
2024-01-01,335600
2024-01-01,342100
2024-01-01,262400
2024-01-01,138000
2024-01-01,247600
2024-01-01,1732100
2024-01-01,237600
2024-01-01,363200
2024-01-01,123100
2024-01-01,517500
2024-01-01,249000
2024-01-01,644300
2024-01-01,226200
2024-01-01,236800
2024-01-01,238300
2024-01-01,505700
2024-01-01,188100
2024-01-01,227300
2024-01-01,311100
2024-01-01,518100
2024-01-01,462000
2024-01-01,522300
2024-01-01,235200
2024-01-01,1042600
2024-01-01,241700
2024-01-01,242100
2024-01-01,537500
2024-01-01,246000
2024-01-01,375700
2024-01-01,405700
2024-01-01,642000
2024-01-01,472300
2024-01-01,613500
2024-01-01,401400
2024-01-01,449300
2024-01-01,250900
2024-01-01,197200
2024-01-01,334800
2024-01-01,598100
2024-01-01,377900
2024-01-01,1040000
2024-01-01,250000
2024-01-01,230000
2024-01-01,493900
2024-01-01,438700
2024-01-01,659400
2024-01-01,492800
2024-01-01,278500
2024-01-01,152100
2024-01-01,321600
2024-01-01,575800
2024-01-01,230500
2024-01-01,238700
2024-01-01,586200
2024-01-01,324000
2024-01-01,283000
2024-01-01,525200
2024-01-01,318100
2024-01-01,460400
2024-01-01,389900
2024-01-01,269800
2024-01-01,200800
2024-01-01,439800
2024-01-01,275400
2024-01-01,241900
2024-01-01,457600
2024-01-01,387000
2024-01-01,254000
2024-01-01,382800
2024-01-01,526200
2024-01-01,233300
2024-01-01,377000
2024-01-01,289000
2024-01-01,392100
2024-01-01,618300
2024-01-01,520700
2024-01-01,344100
2024-01-01,290400
2024-01-01,230100
2024-01-01,349000
2024-01-01,544300
2024-01-01,312700
2024-01-01,497000
2024-01-01,221200
2024-01-01,569700
2024-01-01,232200
2024-01-01,462600
2024-01-01,253000
2024-01-01,383000
2024-01-01,690200
2024-01-01,227500
2024-01-01,475500
2024-01-01,338000
2024-01-01,313600
2024-01-01,227000
2024-01-01,183000
2024-01-01,900000
2024-01-01,362100
2024-01-01,367900
2024-01-01,274000
2024-01-01,439100
2024-01-01,492300
2024-01-01,254300
2024-01-01,440200
2024-01-01,227700
2024-01-01,371600
2024-01-01,499000
2024-01-01,200000
2024-01-01,410600
2024-01-01,542000
2024-01-01,222700
2024-01-01,683100
2024-01-01,420800
2024-01-01,274400
2024-01-01,338300
2024-01-01,504500
2024-01-01,190400
2024-01-01,209700
2024-01-01,365300
2024-01-01,274400
2024-01-01,447800
2024-01-01,345300
2024-01-01,472200
2024-01-01,399200
2024-01-01,345700
2024-01-01,332900
2024-01-01,158500
2024-01-01,563800
2024-01-01,72200
2024-01-01,279700
2024-01-01,635300
2024-01-01,280100
2024-01-01,429700
2024-01-01,263300
2024-01-01,259300
2024-01-01,331300
2024-01-01,207600
2024-01-01,245900
2024-01-01,474200
2024-01-01,754600
2024-01-01,284800
2024-01-01,351900
2024-01-01,351600
2024-01-01,222300
2023-10-01,253700
2023-10-01,226000
2023-10-01,468700
2023-10-01,364200
2023-10-01,273000
2023-10-01,821800
2023-10-01,512600
2023-10-01,294100
2023-10-01,368800
2023-10-01,248500
2023-10-01,269900
2023-10-01,204000
2023-10-01,376000
2023-10-01,466800
2023-10-01,586300
2023-10-01,263200
2023-10-01,239300
2023-10-01,265300
2023-10-01,383300
2023-10-01,621500
2023-10-01,274900
2023-10-01,1032500
2023-10-01,350100
2023-10-01,218100
2023-10-01,242100
2023-10-01,265800
2023-10-01,628100
2023-10-01,264400
2023-10-01,617300
2023-10-01,796500
2023-10-01,340700
2023-10-01,348200
2023-10-01,658300
2023-10-01,238300
2023-10-01,283500
2023-10-01,494400
2023-10-01,417300
2023-10-01,790300
2023-10-01,231600
2023-10-01,1072500
2023-10-01,300000
2023-10-01,328000
2023-10-01,260300
2023-10-01,184500
2023-10-01,980000
2023-10-01,295600
2023-10-01,303500
2023-10-01,275000
2023-10-01,478200
2023-10-01,249800
2023-10-01,272800
2023-10-01,454400
2023-10-01,178900
2023-10-01,353900
2023-10-01,233700
2023-10-01,505300
2023-10-01,207600
2023-10-01,672500
2023-10-01,388100
2023-10-01,233800
2023-10-01,161500
2023-10-01,153100
2023-10-01,674900
2023-10-01,248200
2023-10-01,222500
2023-10-01,768000
2023-10-01,227500
2023-10-01,182800
2023-10-01,295000
2023-10-01,252600
2023-10-01,1045500
2023-10-01,347500
2023-10-01,247900
2023-10-01,397900
2023-10-01,202400
2023-10-01,138600
2023-10-01,504400
2023-10-01,476100
2023-10-01,306200
2023-10-01,272200
2023-10-01,269100
2023-10-01,283100
2023-10-01,56500
2023-10-01,253500
2023-10-01,525900
2023-10-01,395700
2023-10-01,986900
2023-10-01,474600
2023-10-01,409300
2023-10-01,528200
2023-10-01,472000
2023-10-01,390200
2023-10-01,249700
2023-10-01,630100
2023-10-01,367800
2023-10-01,207300
2023-10-01,315900
2023-10-01,400200
2023-10-01,326100
2023-10-01,269400
2023-10-01,486300
2023-10-01,371100
2023-10-01,238800
2023-10-01,475300
2023-10-01,108800
2023-10-01,306700
2023-10-01,331200
2023-10-01,245600
2023-10-01,258200
2023-10-01,488800
2023-10-01,149600
2023-10-01,404200
2023-10-01,510000
2023-10-01,547900
2023-10-01,363200
2023-10-01,598500
2023-10-01,462400
2023-10-01,576200
2023-10-01,251600
2023-10-01,359600
2023-10-01,566800
2023-10-01,513500
2023-10-01,317800
2023-10-01,262200
2023-10-01,491900
2023-10-01,385600
2023-10-01,552500
2023-10-01,454300
2023-10-01,723100
2023-10-01,463500
2023-10-01,422700
2023-10-01,334700
2023-10-01,244500
2023-10-01,273500
2023-10-01,245600
2023-10-01,544800
2023-10-01,392000
2023-10-01,378500
2023-10-01,317100
2023-10-01,273000
2023-10-01,456100
2023-10-01,240900
2023-10-01,250500
2023-10-01,224500
2023-10-01,302900
2023-10-01,289800
2023-10-01,545100
2023-10-01,269900
2023-10-01,459900
2023-10-01,334400
2023-10-01,131100
2023-10-01,438400
2023-10-01,458000
2023-10-01,232500
2023-10-01,320900
2023-10-01,444200
2023-10-01,397000
2023-10-01,456500
2023-10-01,290700
2023-10-01,575400
2023-10-01,303700
2023-10-01,377200
2023-10-01,427800
2023-10-01,439000
2023-10-01,904800
2023-10-01,465000
2023-10-01,494700
2023-10-01,302700
2023-10-01,233900
2023-10-01,222600
2023-10-01,327700
2023-10-01,311200
2023-10-01,365800
2023-10-01,259700
2023-10-01,281300
2023-10-01,243200
2023-10-01,343600
2023-10-01,224300
2023-10-01,454100
2023-10-01,360700
2023-10-01,790600
2023-10-01,210300
2023-10-01,289500
2023-10-01,264600
2023-10-01,429400
2023-10-01,798900
2023-10-01,163300
2023-10-01,647700
2023-10-01,483800
2023-10-01,148500
2023-10-01,433700
2023-10-01,330400
2023-10-01,429000
2023-10-01,464300
2023-10-01,365200
2023-10-01,325600
2023-10-01,549200
2023-10-01,415300
2023-10-01,339900
2023-10-01,347400
2023-10-01,341100
2023-10-01,610300
2023-10-01,282500
2023-10-01,285000
2023-10-01,243300
2023-10-01,221400
2023-10-01,289000
2023-10-01,362200
2023-10-01,352900
2023-10-01,442300
2023-10-01,673400
2023-10-01,589400
2023-10-01,146400
2023-10-01,354500
2023-10-01,297100
2023-10-01,236200
2023-10-01,603400
2023-10-01,386800
2023-10-01,274000
2023-10-01,526200
2023-10-01,347800
2023-10-01,419800
2023-10-01,664500
2023-10-01,268900
2023-10-01,214800
2023-10-01,405500
2023-10-01,1190000
2023-10-01,366200
2023-10-01,600400
2023-10-01,290500
2023-10-01,432300
2023-10-01,629800
2023-10-01,374400
2023-10-01,268600
2023-10-01,246200
2023-10-01,230800
2023-10-01,489700
2023-10-01,365300
2023-10-01,292200
2023-10-01,228300
2023-10-01,484100
2023-10-01,244600
2023-10-01,252700
2023-10-01,346800
2023-10-01,432800
2023-10-01,438800
2023-10-01,367700
2023-10-01,396300
2023-10-01,242100
2023-10-01,430500
2023-10-01,263300
2023-10-01,176000
2023-10-01,844900
2023-11-01,590100
2023-11-01,267900
2023-11-01,113200
2023-11-01,339400
2023-11-01,236000
2023-11-01,392100
2023-11-01,653300
2023-11-01,777500
2023-11-01,488500
2023-11-01,268200
2023-11-01,187900
2023-11-01,255100
2023-11-01,292400
2023-11-01,363000
2023-11-01,372300
2023-11-01,227900
2023-11-01,467800
2023-11-01,596300
2023-11-01,267800
2023-11-01,277700
2023-11-01,199400
2023-11-01,354500
2023-11-01,462800
2023-11-01,372400
2023-11-01,473100
2023-11-01,486400
2023-11-01,660200
2023-11-01,404400
2023-11-01,604300
2023-11-01,154200
2023-11-01,143700
2023-11-01,529800
2023-11-01,332900
2023-11-01,156200
2023-11-01,358900
2023-11-01,451600
2023-11-01,244800
2023-11-01,368600
2023-11-01,259900
2023-11-01,435800
2023-11-01,240500
2023-11-01,295000
2023-11-01,645300
2023-11-01,443600
2023-11-01,464000
2023-11-01,345800
2023-11-01,456000
2023-11-01,268700
2023-11-01,479400
2023-11-01,244200
2023-11-01,618500
2023-11-01,712200
2023-11-01,437600
2023-11-01,455600
2023-11-01,238200
2023-11-01,485600
2023-11-01,400200
2023-11-01,406100
2023-11-01,247200
2023-11-01,274900
2023-11-01,440800
2023-11-01,542900
2023-11-01,456800
2023-11-01,180500
2023-11-01,140800
2023-11-01,268200
2023-11-01,551200
2023-11-01,364300
2023-11-01,250200
2023-11-01,339300
2023-11-01,495100
2023-11-01,394500
2023-11-01,369100
2023-11-01,490700
2023-11-01,246500
2023-11-01,376100
2023-11-01,243800
2023-11-01,480000
2023-11-01,571500
2023-11-01,145000
2023-11-01,240600
2023-11-01,392600
2023-11-01,3275000
2023-11-01,331200
2023-11-01,535400
2023-11-01,201500
2023-11-01,258900
2023-11-01,308300
2023-11-01,326300
2023-11-01,233600
2023-11-01,539100
2023-11-01,242100
2023-11-01,228700
2023-11-01,594800
2023-11-01,191400
2023-11-01,406000
2023-11-01,289400
2023-11-01,260900
2023-11-01,274300
2023-11-01,238800
2023-11-01,377300
2023-11-01,492800
2023-11-01,446900
2023-11-01,306600
2023-11-01,102100
2023-11-01,375300
2023-11-01,83000
2023-11-01,219900
2023-11-01,308800
2023-11-01,415200
2023-11-01,248200
2023-11-01,267300
2023-11-01,339000
2023-11-01,612600
2023-11-01,794600
2023-11-01,296100
2023-11-01,863200
2023-11-01,256900
2023-11-01,215000
2023-11-01,1750000
2023-11-01,269600
2023-11-01,709600
2023-11-01,259000
2023-11-01,582400
2023-11-01,257900
2023-11-01,502100
2023-11-01,209000
2023-11-01,899300
2023-11-01,428400
2023-11-01,501500
2023-11-01,337100
2023-11-01,489100
2023-11-01,401700
2023-11-01,376300
2023-11-01,442900
2023-11-01,219000
2023-11-01,280900
2023-11-01,188100
2023-11-01,262900
2023-11-01,469600
2023-11-01,244000
2023-11-01,311400
2023-11-01,269400
2023-11-01,275000
2023-11-01,287800
2023-11-01,604800
2023-11-01,295900
2023-11-01,222900
2023-11-01,452000
2023-11-01,241300
2023-11-01,568500
2023-11-01,499800
2023-11-01,287800
2023-11-01,428800
2023-11-01,329800
2023-11-01,955500
2023-11-01,372300
2023-11-01,490300
2023-11-01,450600
2023-11-01,267300
2023-11-01,450000
2023-11-01,627100
2023-11-01,229400
2023-11-01,346500
2023-11-01,273400
2023-11-01,267200
2023-11-01,986900
2023-11-01,367500
2023-11-01,233400
2023-11-01,270500
2023-11-01,343400
2023-11-01,308300
2023-11-01,433700
2023-11-01,336500
2023-11-01,251500
2023-11-01,303800
2023-11-01,269500
2023-11-01,228000
2023-11-01,239500
2023-11-01,385400
2023-11-01,455600
2023-11-01,541500
2023-11-01,214800
2023-11-01,520000
2023-11-01,505300
2023-11-01,242000
2023-11-01,469700
2023-11-01,411500
2023-11-01,286400
2023-11-01,262700
2023-11-01,822500
2023-11-01,288700
2023-11-01,468600
2023-11-01,540400
2023-11-01,351700
2023-11-01,814100
2023-11-01,287300
2023-11-01,564700
2023-11-01,842000
2023-11-01,328900
2023-11-01,501200
2023-11-01,238800
2023-11-01,335900
2023-11-01,450800
2023-11-01,320700
2023-11-01,218000
2023-11-01,635000
2023-11-01,266600
2023-11-01,423300
2023-11-01,230400
2023-11-01,557200
2023-11-01,335200
2023-11-01,268300
2023-11-01,282700
2023-11-01,231200
2023-11-01,348600
2023-11-01,361800
2023-11-01,393700
2023-11-01,416100
2023-11-01,138400
2023-11-01,357600
2023-11-01,297200
2023-11-01,304000
2023-11-01,322500
2023-11-01,364600
2023-11-01,513600
2023-11-01,361800
2023-11-01,850000
2023-11-01,305000
2023-11-01,313000
2023-11-01,300600
2023-11-01,197500
2023-11-01,357500
2023-11-01,337700
2023-11-01,250100
2023-11-01,223300
2023-11-01,333300
2023-11-01,358000
2023-11-01,544000
2023-11-01,458200
2023-11-01,357500
2023-11-01,437100
2023-11-01,243800
2023-11-01,278000
2023-11-01,373300
2023-11-01,339100
2023-11-01,223200
2023-11-01,79800
2023-11-01,234900
2023-11-01,1002500
2023-11-01,247700
2023-11-01,423800
2023-12-01,210600
2023-12-01,377700
2023-12-01,1100000
2023-12-01,378700
2023-12-01,607100
2023-12-01,366400
2023-12-01,240100
2023-12-01,425600
2023-12-01,334500
2023-12-01,318300
2023-12-01,492100
2023-12-01,285400
2023-12-01,513700
2023-12-01,810600
2023-12-01,257700
2023-12-01,280900
2023-12-01,94300
2023-12-01,489300
2023-12-01,347100
2023-12-01,206400
2023-12-01,338400
2023-12-01,153100
2023-12-01,351800
2023-12-01,779200
2023-12-01,484400
2023-12-01,536700
2023-12-01,1074100
2023-12-01,233600
2023-12-01,236800
2023-12-01,788500
2023-12-01,506600
2023-12-01,215600
2023-12-01,435300
2023-12-01,396300
2023-12-01,366700
2023-12-01,267500
2023-12-01,431500
2023-12-01,147400
2023-12-01,356100
2023-12-01,247600
2023-12-01,597900
2023-12-01,192600
2023-12-01,238700
2023-12-01,299900
2023-12-01,513700
2023-12-01,373400
2023-12-01,345200
2023-12-01,675000
2023-12-01,607100
2023-12-01,251300
2023-12-01,423000
2023-12-01,330700
2023-12-01,330100
2023-12-01,423600
2023-12-01,231600
2023-12-01,334800
2023-12-01,207000
2023-12-01,220000
2023-12-01,249000
2023-12-01,320500
2023-12-01,279400
2023-12-01,226100
2023-12-01,496400
2023-12-01,211500
2023-12-01,417300
2023-12-01,195300
2023-12-01,596400
2023-12-01,484800
2023-12-01,236200
2023-12-01,263400
2023-12-01,356000
2023-12-01,370900
2023-12-01,325300
2023-12-01,296100
2023-12-01,221600
2023-12-01,826500
2023-12-01,584300
2023-12-01,758700
2023-12-01,237500
2023-12-01,464000
2023-12-01,363700
2023-12-01,306000
2023-12-01,340500
2023-12-01,652900
2023-12-01,252400
2023-12-01,248000
2023-12-01,365300
2023-12-01,324100
2023-12-01,268000
2023-12-01,428900
2023-12-01,593800
2023-12-01,252000
2023-12-01,261200
2023-12-01,359600
2023-12-01,212500
2023-12-01,381000
2023-12-01,228700
2023-12-01,196600
2023-12-01,214500
2023-12-01,492500
2023-12-01,209800
2023-12-01,225900
2023-12-01,30000
2023-12-01,464900
2023-12-01,587600
2023-12-01,249300
2023-12-01,371800
2023-12-01,310200
2023-12-01,614000
2023-12-01,283300
2023-12-01,239400
2023-12-01,460900
2023-12-01,191400
2023-12-01,390800
2023-12-01,441000
2023-12-01,255600
2023-12-01,250100
2023-12-01,241300
2023-12-01,353800
2023-12-01,425100
2023-12-01,217200
2023-12-01,551500
2023-12-01,360900
2023-12-01,297600
2023-12-01,259500
2023-12-01,255800
2023-12-01,194600
2023-12-01,587400
2023-12-01,253300
2023-12-01,238500
2023-12-01,553100
2023-12-01,430400
2023-12-01,505700
2023-12-01,545500
2023-12-01,253500
2023-12-01,380100
2023-12-01,667100
2023-12-01,241100
2023-12-01,211000
2023-12-01,164900
2023-12-01,284600
2023-12-01,256000
2023-12-01,226300
2023-12-01,337700
2023-12-01,326100
2023-12-01,756500
2023-12-01,314800
2023-12-01,506000
2023-12-01,289000
2023-12-01,444300
2023-12-01,243900
2023-12-01,488100
2023-12-01,233200
2023-12-01,425000
2023-12-01,413500
2023-12-01,345300
2023-12-01,273200
2023-12-01,256900
2023-12-01,263800
2023-12-01,171500
2023-12-01,399300
2023-12-01,322000
2023-12-01,220500
2023-12-01,450500
2023-12-01,465500
2023-12-01,418300
2023-12-01,444000
2023-12-01,369600
2023-12-01,505000
2023-12-01,504200
2023-12-01,239000
2023-12-01,243900
2023-12-01,466800
2023-12-01,446100
2023-12-01,452700
2023-12-01,230600
2023-12-01,127700
2023-12-01,224800
2023-12-01,434900
2023-12-01,484900
2023-12-01,389700
2023-12-01,671000
2023-12-01,563200
2023-12-01,265800
2023-12-01,420400
2023-12-01,491100
2023-12-01,573500
2023-12-01,480500
2023-12-01,281700
2023-12-01,1005800
2023-12-01,378000
2023-12-01,276400
2023-12-01,298600
2023-12-01,599000
2023-12-01,356700
2023-12-01,240400
2023-12-01,219600
2023-12-01,331400
2023-12-01,615700
2023-12-01,332100
2023-12-01,151500
2023-12-01,451900
2023-12-01,583300
2023-12-01,577300
2023-12-01,660400
2023-12-01,275600
2023-12-01,430700
2023-12-01,600000
2023-12-01,316500
2023-12-01,888800
2023-12-01,274500
2023-12-01,248400
2023-12-01,451700
2023-12-01,788100
2023-12-01,505600
2023-12-01,236300
2023-12-01,302400
2023-12-01,185800
2023-12-01,607300
2023-12-01,388400
2023-12-01,348300
2023-12-01,511500
2023-12-01,271500
2023-12-01,408600
2023-12-01,284100
2023-12-01,224100
2023-12-01,346800
2023-12-01,234500
2023-12-01,201400
2023-12-01,404300
2023-12-01,935000
2023-12-01,364800
2023-12-01,363200
2023-12-01,932100
2023-12-01,275200
2023-12-01,366900
2023-12-01,368100
2023-12-01,246100
2023-12-01,275700
2023-12-01,389300
2023-12-01,243400
2023-12-01,342200
2023-12-01,350400
2023-12-01,237700
2023-12-01,269900
2023-12-01,228600
2023-12-01,213500
2023-12-01,445500
2023-12-01,374500
2023-12-01,258800
2023-12-01,400600
2024-02-01,499200
2024-02-01,275000
2024-02-01,538100
2024-02-01,458200
2024-02-01,212700
2024-02-01,236900
2024-02-01,283800
2024-02-01,381000
2024-02-01,279100
2024-02-01,294500
2024-02-01,419100
2024-02-01,240200
2024-02-01,261000
2024-02-01,375400
2024-02-01,122200
2024-02-01,599800
2024-02-01,374200
2024-02-01,313600
2024-02-01,535500
2024-02-01,292200
2024-02-01,214400
2024-02-01,440000
2024-02-01,631700
2024-02-01,352500
2024-02-01,360000
2024-02-01,280600
2024-02-01,270200
2024-02-01,62500
2024-02-01,244200
2024-02-01,512800
2024-02-01,395500
2024-02-01,213800
2024-02-01,332800
2024-02-01,642400
2024-02-01,355000
2024-02-01,255000
2024-02-01,234800
2024-02-01,580800
2024-02-01,166600
2024-02-01,496700
2024-02-01,407600
2024-02-01,433500
2024-02-01,354900
2024-02-01,398400
2024-02-01,266700
2024-02-01,325100
2024-02-01,502300
2024-02-01,463700
2024-02-01,234600
2024-02-01,294000
2024-02-01,230100
2024-02-01,118300
2024-02-01,361400
2024-02-01,269300
2024-02-01,304200
2024-02-01,253300
2024-02-01,237700
2024-02-01,361300
2024-02-01,307900
2024-02-01,238200
2024-02-01,378200
2024-02-01,270700
2024-02-01,542800
2024-02-01,281100
2024-02-01,456300
2024-02-01,326400
2024-02-01,236900
2024-02-01,475400
2024-02-01,477400
2024-02-01,263100
2024-02-01,642100
2024-02-01,470600
2024-02-01,735000
2024-02-01,361700
2024-02-01,926300
2024-02-01,257500
2024-02-01,308000
2024-02-01,647200
2024-02-01,341000
2024-02-01,552700
2024-02-01,245200
2024-02-01,566500
2024-02-01,204500
2024-02-01,253700
2024-02-01,368600
2024-02-01,226700
2024-02-01,222700
2024-02-01,153300
2024-02-01,313100
2024-02-01,209400
2024-02-01,368500
2024-02-01,570500
2024-02-01,216300
2024-02-01,370500
2024-02-01,567300
2024-02-01,1031700
2024-02-01,591600
2024-02-01,279900
2024-02-01,722300
2024-02-01,158000
2024-02-01,815000
2024-02-01,354800
2024-02-01,351600
2024-02-01,221900
2024-02-01,420100
2024-02-01,245100
2024-02-01,240100
2024-02-01,246700
2024-02-01,243200
2024-02-01,243800
2024-02-01,486400
2024-02-01,281000
2024-02-01,555100
2024-02-01,158900
2024-02-01,307300
2024-02-01,584500
2024-02-01,360100
2024-02-01,210500
2024-02-01,276300
2024-02-01,379400
2024-02-01,225900
2024-02-01,251000
2024-02-01,278800
2024-02-01,499300
2024-02-01,247100
2024-02-01,281600
2024-02-01,209200
2024-02-01,582800
2024-02-01,265500
2024-02-01,285800
2024-02-01,348700
2024-02-01,382300
2024-02-01,584500
2024-02-01,312400
2024-02-01,260800
2024-02-01,408100
2024-02-01,245600
2024-02-01,316700
2024-02-01,343400
2024-02-01,446900
2024-02-01,330700
2024-02-01,1012000
2024-02-01,332400
2024-02-01,620800
2024-02-01,495600
2024-02-01,401200
2024-02-01,293700
2024-02-01,261200
2024-02-01,351800
2024-02-01,576500
2024-02-01,227800
2024-02-01,362200
2024-02-01,1100000
2024-02-01,840600
2024-02-01,197300
2024-02-01,272400
2024-02-01,331400
2024-02-01,411700
2024-02-01,340700
2024-02-01,476700
2024-02-01,342000
2024-02-01,182700
2024-02-01,501800
2024-02-01,539400
2024-02-01,371600
2024-02-01,430700
2024-02-01,156100
2024-02-01,478300
2024-02-01,282300
2024-02-01,266300
2024-02-01,187100
2024-02-01,311200
2024-02-01,239600
2024-02-01,271200
2024-02-01,338400
2024-02-01,556100
2024-02-01,259300
2024-02-01,251200
2024-02-01,520400
2024-02-01,478300
2024-02-01,420300
2024-02-01,694400
2024-02-01,377400
2024-02-01,134300
2024-02-01,340200
2024-02-01,371500
2024-02-01,488400
2024-02-01,252300
2024-02-01,677500
2024-02-01,320000
2024-02-01,597800
2024-02-01,241400
2024-02-01,411400
2024-02-01,617500
2024-02-01,297600
2024-02-01,493900
2024-02-01,673300
2024-02-01,375500
2024-02-01,609600
2024-02-01,381400
2024-02-01,314700
2024-02-01,264900
2024-02-01,1578300
2024-02-01,327700
2024-02-01,246000
2024-02-01,784200
2024-02-01,482600
2024-02-01,342300
2024-02-01,200400
2024-02-01,336000
2024-02-01,211300
2024-02-01,462600
2024-02-01,446300
2024-02-01,420100
2024-02-01,302600
2024-02-01,423800
2024-02-01,533900
2024-02-01,316300
2024-02-01,410300
2024-02-01,169900
2024-02-01,280200
2024-02-01,428500
2024-02-01,839000
2024-02-01,265000
2024-02-01,1266500
2024-02-01,328600
2024-02-01,809700
2024-02-01,482600
2024-02-01,254900
2024-02-01,341900
2024-02-01,264200
2024-02-01,503300
2024-02-01,306000
2024-02-01,411000
2024-02-01,198200
2024-02-01,267500
2024-02-01,200000
2024-02-01,334200
2024-02-01,93400
2024-02-01,251100
2024-02-01,489200
2024-02-01,347600
2024-02-01,932300
2024-02-01,176500
2024-02-01,739800
2024-02-01,450000
2024-02-01,240000
2024-02-01,243200
2024-02-01,435900
2024-02-01,236100
2023-03-01,200700
2023-03-01,280600
2023-03-01,241400
2023-03-01,125500
2023-03-01,367100
2023-03-01,380400
2023-03-01,241900
2023-03-01,359700
2023-03-01,350600
2023-03-01,459600
2023-03-01,247000
2023-03-01,358100
2023-03-01,900900
2023-03-01,557300
2023-03-01,478900
2023-03-01,330900
2023-03-01,188800
2023-03-01,345100
2023-03-01,314700
2023-03-01,727900
2023-03-01,324000
2023-03-01,147500
2023-03-01,626300
2023-03-01,200000
2023-03-01,276900
2023-03-01,245500
2023-03-01,269700
2023-03-01,943400
2023-03-01,306800
2023-03-01,267900
2023-03-01,238000
2023-03-01,457300
2023-03-01,352900
2023-03-01,380700
2023-03-01,923000
2023-03-01,313800
2023-03-01,525500
2023-03-01,416200
2023-03-01,487800
2023-03-01,203800
2023-03-01,429700
2023-03-01,543200
2023-03-01,339100
2023-03-01,270800
2023-03-01,258900
2023-03-01,276000
2023-03-01,334900
2023-03-01,304800
2023-03-01,307500
2023-03-01,336100
2023-03-01,358900
2023-03-01,220300
2023-03-01,438600
2023-03-01,460600
2023-03-01,266600
2023-03-01,214700
2023-03-01,352800
2023-03-01,247500
2023-03-01,239900
2023-03-01,232700
2023-03-01,426500
2023-03-01,489600
2023-03-01,469500
2023-03-01,583400
2023-03-01,294400
2023-03-01,344500
2023-03-01,217400
2023-03-01,309400
2023-03-01,324000
2023-03-01,439600
2023-03-01,216300
2023-03-01,216400
2023-03-01,749300
2023-03-01,225900
2023-03-01,564400
2023-03-01,555600
2023-03-01,443800
2023-03-01,767100
2023-03-01,523300
2023-03-01,420000
2023-03-01,486300
2023-03-01,387500
2023-03-01,238600
2023-03-01,319100
2023-03-01,334000
2023-03-01,244300
2023-03-01,413300
2023-03-01,153700
2023-03-01,275400
2023-03-01,397000
2023-03-01,171700
2023-03-01,354000
2023-03-01,141900
2023-03-01,239800
2023-03-01,141500
2023-03-01,201300
2023-03-01,281300
2023-03-01,472600
2023-03-01,637500
2023-03-01,614700
2023-03-01,203000
2023-03-01,382500
2023-03-01,237100
2023-03-01,193500
2023-03-01,364500
2023-03-01,257200
2023-03-01,419500
2023-03-01,349200
2023-03-01,231500
2023-03-01,637500
2023-03-01,228900
2023-03-01,585500
2023-03-01,246200
2023-03-01,251900
2023-03-01,189200
2023-03-01,236200
2023-03-01,448500
2023-03-01,224400
2023-03-01,612200
2023-03-01,144300
2023-03-01,353500
2023-03-01,374900
2023-03-01,739900
2023-03-01,241900
2023-03-01,237400
2023-03-01,251800
2023-03-01,259000
2023-03-01,449500
2023-03-01,231000
2023-03-01,531900
2023-03-01,218900
2023-03-01,243200
2023-03-01,356500
2023-03-01,306700
2023-03-01,131300
2023-03-01,224800
2023-03-01,441400
2023-03-01,542000
2023-03-01,262900
2023-03-01,252700
2023-03-01,558400
2023-03-01,563400
2023-03-01,423100
2023-03-01,179200
2023-03-01,303100
2023-03-01,270300
2023-03-01,624800
2023-03-01,742000
2023-03-01,581100
2023-03-01,260400
2023-03-01,329400
2023-03-01,243900
2023-03-01,849300
2023-03-01,220400
2023-03-01,625500
2023-03-01,405000
2023-03-01,372400
2023-03-01,239700
2023-03-01,634400
2023-03-01,346400
2023-03-01,274500
2023-03-01,253300
2023-03-01,247300
2023-03-01,399500
2023-03-01,566200
2023-03-01,425000
2023-03-01,262600
2023-03-01,248700
2023-03-01,376600
2023-03-01,340600
2023-03-01,442900
2023-03-01,397700
2023-03-01,366800
2023-03-01,342500
2023-03-01,203800
2023-03-01,435200
2023-03-01,322400
2023-03-01,224900
2023-03-01,493600
2023-03-01,277100
2023-03-01,243600
2023-03-01,333000
2023-03-01,233600
2023-03-01,210000
2023-03-01,209800
2023-03-01,608700
2023-03-01,195800
2023-03-01,441600
2023-03-01,345300
2023-03-01,187500
2023-03-01,765900
2023-03-01,436800
2023-03-01,334000
2023-03-01,282900
2023-03-01,322300
2023-03-01,920000
2023-03-01,295100
2023-03-01,231500
2023-03-01,431300
2023-03-01,432000
2023-03-01,235600
2023-03-01,501300
2023-03-01,290100
2023-03-01,241300
2023-03-01,400000
2023-03-01,257000
2023-03-01,481100
2023-03-01,433800
2023-03-01,405900
2023-03-01,310500
2023-03-01,258400
2023-03-01,540400
2023-03-01,452000
2023-03-01,141700
2023-03-01,273100
2023-03-01,321200
2023-03-01,338700
2023-03-01,484400
2023-03-01,434000
2023-03-01,308700
2023-03-01,614000
2023-03-01,320300
2023-03-01,274400
2023-03-01,279600
2023-03-01,252000
2023-03-01,255200
2023-03-01,225100
2023-03-01,300000
2023-03-01,292800
2023-03-01,529600
2023-03-01,992900
2023-03-01,340300
2023-03-01,300400
2023-03-01,1033200
2023-03-01,361000
2023-03-01,244300
2023-03-01,418800
2023-03-01,375600
2023-03-01,360600
2023-03-01,789000
2023-03-01,362500
2023-03-01,387400
2023-03-01,494000
2023-03-01,224100
2023-03-01,275500
2023-03-01,413400
2023-03-01,218100
2023-03-01,604100
2023-03-01,341500
2023-03-01,419000
2023-03-01,350000
2024-03-01,290500
2024-03-01,389700
2024-03-01,439200
2024-03-01,434100
2024-03-01,287200
2024-03-01,313500
2024-03-01,432000
2024-03-01,471200
2024-03-01,209000
2024-03-01,434800
2024-03-01,444800
2024-03-01,175700
2024-03-01,544600
2024-03-01,497500
2024-03-01,208100
2024-03-01,211600
2024-03-01,224600
2024-03-01,165100
2024-03-01,288600
2024-03-01,515500
2024-03-01,254900
2024-03-01,268700
2024-03-01,235800
2024-03-01,273400
2024-03-01,750000
2024-03-01,40000
2024-03-01,514700
2024-03-01,663400
2024-03-01,818100
2024-03-01,385500
2024-03-01,301000
2024-03-01,201600
2024-03-01,534700
2024-03-01,243700
2024-03-01,215200
2024-03-01,241800
2024-03-01,420000
2024-03-01,361500
2024-03-01,254900
2024-03-01,816900
2024-03-01,369700
2024-03-01,564200
2024-03-01,964900
2024-03-01,366200
2024-03-01,247700
2024-03-01,2359600
2024-03-01,268900
2024-03-01,470200
2024-03-01,330200
2024-03-01,388800
2024-03-01,552900
2024-03-01,314000
2024-03-01,336400
2024-03-01,840000
2024-03-01,389600
2024-03-01,276300
2024-03-01,281900
2024-03-01,242100
2024-03-01,273900
2024-03-01,365600
2024-03-01,310100
2024-03-01,241100
2024-03-01,228700
2024-03-01,324100
2024-03-01,322200
2024-03-01,259000
2024-03-01,341200
2024-03-01,268800
2024-03-01,431300
2024-03-01,385500
2024-03-01,484300
2024-03-01,325000
2024-03-01,440600
2024-03-01,365600
2024-03-01,447700
2024-03-01,388100
2024-03-01,182500
2024-03-01,644300
2024-03-01,237500
2024-03-01,249600
2024-03-01,637900
2024-03-01,406100
2024-03-01,346800
2024-03-01,169300
2024-03-01,272600
2024-03-01,73100
2024-03-01,316700
2024-03-01,243700
2024-03-01,330500
2024-03-01,242100
2024-03-01,201900
2024-03-01,314100
2024-03-01,292000
2024-03-01,609600
2024-03-01,281200
2024-03-01,370000
2024-03-01,264800
2024-03-01,402900
2024-03-01,467100
2024-03-01,280400
2024-03-01,466400
2024-03-01,479100
2024-03-01,530100
2024-03-01,492800
2024-03-01,181400
2024-03-01,1179600
2024-03-01,367500
2024-03-01,487100
2024-03-01,469400
2024-03-01,414200
2024-03-01,391600
2024-03-01,274700
2024-03-01,245600
2024-03-01,242200
2024-03-01,476300
2024-03-01,174500
2024-03-01,378900
2024-03-01,460600
2024-03-01,332600
2024-03-01,247600
2024-03-01,247300
2024-03-01,271600
2024-03-01,692200
2024-03-01,315400
2024-03-01,345000
2024-03-01,544900
2024-03-01,623100
2024-03-01,662700
2024-03-01,666900
2024-03-01,399000
2024-03-01,431500
2024-03-01,332500
2024-03-01,430100
2024-03-01,835000
2024-03-01,161300
2024-03-01,476500
2024-03-01,254600
2024-03-01,335400
2024-03-01,392700
2024-03-01,219700
2024-03-01,1847600
2024-03-01,648100
2024-03-01,277400
2024-03-01,282600
2024-03-01,618700
2024-03-01,276700
2024-03-01,377200
2024-03-01,241800
2024-03-01,495100
2024-03-01,164500
2024-03-01,393100
2024-03-01,241900
2024-03-01,329600
2024-03-01,251300
2024-03-01,288300
2024-03-01,265200
2024-03-01,360400
2024-03-01,255200
2024-03-01,267500
2024-03-01,586200
2024-03-01,255300
2024-03-01,382800
2024-03-01,329000
2024-03-01,313300
2024-03-01,387300
2024-03-01,444000
2024-03-01,253300
2024-03-01,360800
2024-03-01,317000
2024-03-01,370400
2024-03-01,500500
2024-03-01,369300
2024-03-01,480800
2024-03-01,259400
2024-03-01,341700
2024-03-01,854800
2024-03-01,415900
2024-03-01,352500
2024-03-01,436100
2024-03-01,199300
2024-03-01,269900
2024-03-01,848700
2024-03-01,641800
2024-03-01,124100
2024-03-01,387800
2024-03-01,253500
2024-03-01,335000
2024-03-01,265900
2024-03-01,177300
2024-03-01,314000
2024-03-01,695900
2024-03-01,312500
2024-03-01,435700
2024-03-01,282400
2024-03-01,501200
2024-03-01,538500
2024-03-01,259900
2024-03-01,479000
2024-03-01,293000
2024-03-01,699300
2024-03-01,296000
2024-03-01,225900
2024-03-01,415000
2024-03-01,177500
2024-03-01,674200
2024-03-01,539500
2024-03-01,259200
2024-03-01,248300
2024-03-01,477700
2024-03-01,996100
2024-03-01,252200
2024-03-01,464800
2024-03-01,449000
2024-03-01,261800
2024-03-01,315500
2024-03-01,336300
2024-03-01,516200
2024-03-01,182700
2024-03-01,356800
2024-03-01,353600
2024-03-01,439200
2024-03-01,293100
2024-03-01,340400
2024-03-01,307900
2024-03-01,378600
2024-03-01,497200
2024-03-01,702400
2024-03-01,641500
2024-03-01,461000
2024-03-01,592500
2024-03-01,344100
2024-03-01,205600
2024-03-01,326800
2024-03-01,465500
2024-03-01,537300
2024-03-01,306600
2024-03-01,515200
2024-03-01,445200
2024-03-01,147900
2024-03-01,1016700
2024-03-01,624500
2024-03-01,275500
2024-03-01,515000
2024-03-01,602100
2024-03-01,197700
2024-03-01,288300
2024-03-01,276400
2024-03-01,239900
2024-03-01,236900
2024-03-01,247700
2023-04-01,415900
2023-04-01,274600
2023-04-01,433100
2023-04-01,684500
2023-04-01,250300
2023-04-01,717100
2023-04-01,344900
2023-04-01,561800
2023-04-01,218600
2023-04-01,490500
2023-04-01,382900
2023-04-01,249700
2023-04-01,145800
2023-04-01,458200
2023-04-01,201000
2023-04-01,254900
2023-04-01,263100
2023-04-01,949300
2023-04-01,269300
2023-04-01,255200
2023-04-01,302500
2023-04-01,184700
2023-04-01,123800
2023-04-01,343100
2023-04-01,222700
2023-04-01,300600
2023-04-01,285200
2023-04-01,216000
2023-04-01,676500
2023-04-01,227700
2023-04-01,586100
2023-04-01,253500
2023-04-01,324200
2023-04-01,227600
2023-04-01,265700
2023-04-01,365300
2023-04-01,271100
2023-04-01,1115000
2023-04-01,330400
2023-04-01,419300
2023-04-01,453100
2023-04-01,274900
2023-04-01,231500
2023-04-01,251800
2023-04-01,455600
2023-04-01,274700
2023-04-01,241800
2023-04-01,461600
2023-04-01,599400
2023-04-01,259800
2023-04-01,377200
2023-04-01,414300
2023-04-01,443600
2023-04-01,519200
2023-04-01,273800
2023-04-01,498900
2023-04-01,271300
2023-04-01,549500
2023-04-01,336900
2023-04-01,506200
2023-04-01,415200
2023-04-01,564400
2023-04-01,464400
2023-04-01,440100
2023-04-01,198900
2023-04-01,385200
2023-04-01,274300
2023-04-01,168800
2023-04-01,475800
2023-04-01,616800
2023-04-01,435900
2023-04-01,353600
2023-04-01,537300
2023-04-01,412500
2023-04-01,568200
2023-04-01,331700
2023-04-01,272700
2023-04-01,252000
2023-04-01,624800
2023-04-01,337400
2023-04-01,341200
2023-04-01,264700
2023-04-01,221300
2023-04-01,371100
2023-04-01,406100
2023-04-01,276800
2023-04-01,348700
2023-04-01,399500
2023-04-01,289600
2023-04-01,526200
2023-04-01,280000
2023-04-01,537100
2023-04-01,368500
2023-04-01,629200
2023-04-01,324000
2023-04-01,203300
2023-04-01,205800
2023-04-01,264200
2023-04-01,201700
2023-04-01,202900
2023-04-01,780000
2023-04-01,304600
2023-04-01,595100
2023-04-01,243300
2023-04-01,286300
2023-04-01,441400
2023-04-01,165600
2023-04-01,196500
2023-04-01,372600
2023-04-01,242000
2023-04-01,259400
2023-04-01,435200
2023-04-01,573800
2023-04-01,358600
2023-04-01,485600
2023-04-01,789100
2023-04-01,452600
2023-04-01,992500
2023-04-01,227700
2023-04-01,319400
2023-04-01,430700
2023-04-01,243800
2023-04-01,256000
2023-04-01,776000
2023-04-01,465100
2023-04-01,508400
2023-04-01,293600
2023-04-01,616700
2023-04-01,313300
2023-04-01,246700
2023-04-01,442700
2023-04-01,229000
2023-04-01,330200
2023-04-01,230000
2023-04-01,248600
2023-04-01,315100
2023-04-01,213500
2023-04-01,309100
2023-04-01,243000
2023-04-01,326600
2023-04-01,194600
2023-04-01,433900
2023-04-01,429700
2023-04-01,670000
2023-04-01,374200
2023-04-01,344400
2023-04-01,1155000
2023-04-01,386600
2023-04-01,422300
2023-04-01,377600
2023-04-01,260000
2023-04-01,364500
2023-04-01,586200
2023-04-01,495400
2023-04-01,336800
2023-04-01,148800
2023-04-01,240800
2023-04-01,278500
2023-04-01,202800
2023-04-01,297800
2023-04-01,223700
2023-04-01,340400
2023-04-01,166000
2023-04-01,221800
2023-04-01,374700
2023-04-01,588300
2023-04-01,282200
2023-04-01,302300
2023-04-01,186200
2023-04-01,539100
2023-04-01,251800
2023-04-01,489800
2023-04-01,242400
2023-04-01,140600
2023-04-01,243700
2023-04-01,237000
2023-04-01,379200
2023-04-01,1287000
2023-04-01,293900
2023-04-01,582200
2023-04-01,490900
2023-04-01,634900
2023-04-01,231500
2023-04-01,512800
2023-04-01,252800
2023-04-01,329300
2023-04-01,249900
2023-04-01,440000
2023-04-01,763700
2023-04-01,155500
2023-04-01,246300
2023-04-01,358600
2023-04-01,317900
2023-04-01,413700
2023-04-01,358800
2023-04-01,460500
2023-04-01,316500
2023-04-01,558000
2023-04-01,383900
2023-04-01,640300
2023-04-01,233100
2023-04-01,358000
2023-04-01,246000
2023-04-01,301900
2023-04-01,367900
2023-04-01,241600
2023-04-01,355600
2023-04-01,345000
2023-04-01,283800
2023-04-01,190700
2023-04-01,175000
2023-04-01,510200
2023-04-01,224900
2023-04-01,242700
2023-04-01,455200
2023-04-01,517400
2023-04-01,401300
2023-04-01,829700
2023-04-01,361300
2023-04-01,652600
2023-04-01,182000
2023-04-01,347000
2023-04-01,498100
2023-04-01,505000
2023-04-01,188900
2023-04-01,333600
2023-04-01,378000
2023-04-01,360600
2023-04-01,381800
2023-04-01,236200
2023-04-01,447000
2023-04-01,235800
2023-04-01,269600
2023-04-01,248500
2023-04-01,423300
2023-04-01,379900
2023-04-01,361900
2023-04-01,188000
2023-04-01,434800
2023-04-01,213300
2023-04-01,293000
2023-04-01,312000
2023-04-01,235000
2023-04-01,179700
2023-04-01,417600
2023-04-01,556600
2023-04-01,96800
2023-04-01,350100
2023-04-01,323800
2023-04-01,267500
2024-04-01,283800
2024-04-01,276400
2024-04-01,407600
2024-04-01,164700
2024-04-01,338900
2024-04-01,450700
2024-04-01,337600
2024-04-01,264400
2024-04-01,390200
2024-04-01,491000
2024-04-01,213800
2024-04-01,282300
2024-04-01,295300
2024-04-01,623500
2024-04-01,276900
2024-04-01,175000
2024-04-01,239500
2024-04-01,430200
2024-04-01,246900
2024-04-01,360000
2024-04-01,481700
2024-04-01,238800
2024-04-01,401300
2024-04-01,1004300
2024-04-01,180500
2024-04-01,456100
2024-04-01,438600
2024-04-01,403800
2024-04-01,168200
2024-04-01,481600
2024-04-01,156900
2024-04-01,384400
2024-04-01,239200
2024-04-01,321300
2024-04-01,315400
2024-04-01,381600
2024-04-01,208800
2024-04-01,306500
2024-04-01,300100
2024-04-01,388300
2024-04-01,265600
2024-04-01,247300
2024-04-01,387900
2024-04-01,214800
2024-04-01,249700
2024-04-01,478400
2024-04-01,842500
2024-04-01,429000
2024-04-01,940200
2024-04-01,260500
2024-04-01,513700
2024-04-01,1392100
2024-04-01,534700
2024-04-01,792100
2024-04-01,593300
2024-04-01,223100
2024-04-01,194000
2024-04-01,350100
2024-04-01,425200
2024-04-01,254800
2024-04-01,486700
2024-04-01,191000
2024-04-01,126500
2024-04-01,467600
2024-04-01,523800
2024-04-01,988200
2024-04-01,275700
2024-04-01,265700
2024-04-01,455000
2024-04-01,367000
2024-04-01,595200
2024-04-01,388900
2024-04-01,255300
2024-04-01,484700
2024-04-01,303200
2024-04-01,1095700
2024-04-01,315100
2024-04-01,260400
2024-04-01,505000
2024-04-01,277100
2024-04-01,256600
2024-04-01,553000
2024-04-01,471400
2024-04-01,400300
2024-04-01,345000
2024-04-01,605200
2024-04-01,532500
2024-04-01,853400
2024-04-01,296100
2024-04-01,292700
2024-04-01,367100
2024-04-01,446200
2024-04-01,289400
2024-04-01,448400
2024-04-01,256700
2024-04-01,432800
2024-04-01,545700
2024-04-01,241400
2024-04-01,459500
2024-04-01,558700
2024-04-01,207400
2024-04-01,548900
2024-04-01,288700
2024-04-01,324000
2024-04-01,252400
2024-04-01,304800
2024-04-01,327600
2024-04-01,509800
2024-04-01,440000
2024-04-01,526400
2024-04-01,609400
2024-04-01,782900
2024-04-01,280200
2024-04-01,479900
2024-04-01,297000
2024-04-01,358100
2024-04-01,256400
2024-04-01,667900
2024-04-01,258700
2024-04-01,382200
2024-04-01,492700
2024-04-01,353900
2024-04-01,324400
2024-04-01,699500
2024-04-01,419100
2024-04-01,342600
2024-04-01,681400
2024-04-01,343200
2024-04-01,270200
2024-04-01,680900
2024-04-01,497300
2024-04-01,378100
2024-04-01,627900
2024-04-01,294900
2024-04-01,380400
2024-04-01,295000
2024-04-01,221700
2024-04-01,476500
2024-04-01,379200
2024-04-01,376100
2024-04-01,330100
2024-04-01,376300
2024-04-01,653800
2024-04-01,287400
2024-04-01,272000
2024-04-01,535900
2024-04-01,258900
2024-04-01,549400
2024-04-01,351400
2024-04-01,265900
2024-04-01,588100
2024-04-01,160500
2024-04-01,482500
2024-04-01,295900
2024-04-01,351400
2024-04-01,223000
2024-04-01,352500
2024-04-01,284900
2024-04-01,408600
2024-04-01,241800
2024-04-01,396900
2024-04-01,190500
2024-04-01,650700
2024-04-01,222200
2024-04-01,244400
2024-04-01,440800
2024-04-01,290000
2024-04-01,220300
2024-04-01,233600
2024-04-01,343000
2024-04-01,351100
2024-04-01,891900
2024-04-01,265700
2024-04-01,777600
2024-04-01,260500
2024-04-01,482200
2024-04-01,622200
2024-04-01,762100
2024-04-01,423300
2024-04-01,320600
2024-04-01,289500
2024-04-01,232200
2024-04-01,268000
2024-04-01,265800
2024-04-01,549300
2024-04-01,537300
2024-04-01,375100
2024-04-01,261100
2024-04-01,433800
2024-04-01,514200
2024-04-01,655100
2024-04-01,505600
2024-04-01,393500
2024-04-01,240100
2024-04-01,281800
2024-04-01,492800
2024-04-01,401300
2024-04-01,268800
2024-04-01,452200
2024-04-01,391300
2024-04-01,512500
2024-04-01,416100
2024-04-01,705600
2024-04-01,570900
2024-04-01,438500
2024-04-01,484800
2024-04-01,869900
2024-04-01,291600
2024-04-01,258300
2024-04-01,151500
2024-04-01,287800
2024-04-01,260900
2024-04-01,259000
2024-04-01,320200
2024-04-01,343100
2024-04-01,523300
2024-04-01,308200
2024-04-01,508200
2024-04-01,370600
2024-04-01,389200
2024-04-01,634100
2024-04-01,456200
2024-04-01,255300
2024-04-01,243400
2024-04-01,218500
2024-04-01,233200
2024-04-01,890000
2024-04-01,226100
2024-04-01,402300
2024-04-01,339300
2024-04-01,274500
2024-04-01,238300
2024-04-01,477200
2024-04-01,150800
2024-04-01,239000
2024-04-01,354300
2024-04-01,738400
2024-04-01,961000
2024-04-01,192200
2024-04-01,312600
2024-04-01,378900
2024-04-01,558700
2024-04-01,365000
2024-04-01,104600
2024-04-01,276400
2024-04-01,301800
2024-04-01,420000
2024-04-01,218100
2023-05-01,320400
2023-05-01,315600
2023-05-01,325700
2023-05-01,258800
2023-05-01,659400
2023-05-01,293700
2023-05-01,468300
2023-05-01,583300
2023-05-01,256100
2023-05-01,234400
2023-05-01,391700
2023-05-01,334000
2023-05-01,256600
2023-05-01,244400
2023-05-01,368900
2023-05-01,394100
2023-05-01,344000
2023-05-01,306100
2023-05-01,487400
2023-05-01,214700
2023-05-01,443900
2023-05-01,1648300
2023-05-01,443300
2023-05-01,518300
2023-05-01,548300
2023-05-01,265800
2023-05-01,537900
2023-05-01,407200
2023-05-01,319500
2023-05-01,460300
2023-05-01,204100
2023-05-01,422300
2023-05-01,375700
2023-05-01,259700
2023-05-01,172300
2023-05-01,188900
2023-05-01,320300
2023-05-01,246200
2023-05-01,251900
2023-05-01,259800
2023-05-01,506300
2023-05-01,393900
2023-05-01,641700
2023-05-01,345600
2023-05-01,240200
2023-05-01,236900
2023-05-01,365500
2023-05-01,326400
2023-05-01,335200
2023-05-01,264600
2023-05-01,260000
2023-05-01,439900
2023-05-01,532600
2023-05-01,409400
2023-05-01,302800
2023-05-01,362900
2023-05-01,293500
2023-05-01,180800
2023-05-01,481800
2023-05-01,451300
2023-05-01,260600
2023-05-01,141600
2023-05-01,356000
2023-05-01,563500
2023-05-01,644900
2023-05-01,247900
2023-05-01,335800
2023-05-01,472200
2023-05-01,247200
2023-05-01,626900
2023-05-01,249900
2023-05-01,265900
2023-05-01,305700
2023-05-01,421800
2023-05-01,251500
2023-05-01,552100
2023-05-01,496900
2023-05-01,230400
2023-05-01,236700
2023-05-01,700300
2023-05-01,229900
2023-05-01,474800
2023-05-01,284000
2023-05-01,329300
2023-05-01,434500
2023-05-01,445300
2023-05-01,253100
2023-05-01,438700
2023-05-01,441500
2023-05-01,148400
2023-05-01,812900
2023-05-01,456600
2023-05-01,570300
2023-05-01,268100
2023-05-01,290100
2023-05-01,320300
2023-05-01,613500
2023-05-01,488700
2023-05-01,298000
2023-05-01,576000
2023-05-01,211100
2023-05-01,357000
2023-05-01,296400
2023-05-01,282400
2023-05-01,317900
2023-05-01,274000
2023-05-01,457400
2023-05-01,342400
2023-05-01,372500
2023-05-01,408200
2023-05-01,249700
2023-05-01,298200
2023-05-01,272200
2023-05-01,94500
2023-05-01,229700
2023-05-01,377600
2023-05-01,393000
2023-05-01,379500
2023-05-01,294100
2023-05-01,451900
2023-05-01,528100
2023-05-01,341500
2023-05-01,357600
2023-05-01,619700
2023-05-01,640000
2023-05-01,672500
2023-05-01,268400
2023-05-01,121600
2023-05-01,927600
2023-05-01,248800
2023-05-01,298700
2023-05-01,485800
2023-05-01,249300
2023-05-01,228000
2023-05-01,571200
2023-05-01,290100
2023-05-01,204000
2023-05-01,233800
2023-05-01,454000
2023-05-01,197000
2023-05-01,340200
2023-05-01,263700
2023-05-01,675000
2023-05-01,296700
2023-05-01,184400
2023-05-01,510200
2023-05-01,334200
2023-05-01,294600
2023-05-01,435900
2023-05-01,350000
2023-05-01,198300
2023-05-01,518200
2023-05-01,555200
2023-05-01,617700
2023-05-01,208300
2023-05-01,383100
2023-05-01,334600
2023-05-01,783500
2023-05-01,560900
2023-05-01,1237500
2023-05-01,385600
2023-05-01,326400
2023-05-01,361000
2023-05-01,257100
2023-05-01,459400
2023-05-01,132200
2023-05-01,441200
2023-05-01,217300
2023-05-01,241500
2023-05-01,268800
2023-05-01,208100
2023-05-01,190600
2023-05-01,386900
2023-05-01,534700
2023-05-01,222200
2023-05-01,982500
2023-05-01,360800
2023-05-01,251300
2023-05-01,229100
2023-05-01,180200
2023-05-01,466300
2023-05-01,256600
2023-05-01,327200
2023-05-01,300400
2023-05-01,250000
2023-05-01,294900
2023-05-01,353800
2023-05-01,382200
2023-05-01,282400
2023-05-01,802100
2023-05-01,369000
2023-05-01,208400
2023-05-01,334500
2023-05-01,284900
2023-05-01,452600
2023-05-01,258400
2023-05-01,417800
2023-05-01,279200
2023-05-01,298500
2023-05-01,794500
2023-05-01,236600
2023-05-01,459300
2023-05-01,627800
2023-05-01,260500
2023-05-01,260500
2023-05-01,256000
2023-05-01,274600
2023-05-01,950100
2023-05-01,317600
2023-05-01,188700
2023-05-01,598700
2023-05-01,312600
2023-05-01,511500
2023-05-01,368300
2023-05-01,628900
2023-05-01,465400
2023-05-01,296800
2023-05-01,526600
2023-05-01,498000
2023-05-01,666400
2023-05-01,374100
2023-05-01,348200
2023-05-01,277800
2023-05-01,241000
2023-05-01,399800
2023-05-01,255400
2023-05-01,385600
2023-05-01,249700
2023-05-01,335300
2023-05-01,264900
2023-05-01,306400
2023-05-01,161100
2023-05-01,372500
2023-05-01,286900
2023-05-01,427600
2023-05-01,810000
2023-05-01,281100
2023-05-01,361500
2023-05-01,718200
2023-05-01,561800
2023-05-01,510000
2023-05-01,428200
2023-05-01,418700
2023-05-01,337300
2023-05-01,475700
2023-05-01,233100
2023-05-01,467600
2023-05-01,525700
2023-05-01,422100
2023-05-01,513700
2024-05-01,547100
2024-05-01,340700
2024-05-01,251100
2024-05-01,420700
2024-05-01,474000
2024-05-01,326900
2024-05-01,591100
2024-05-01,266300
2024-05-01,367500
2024-05-01,695300
2024-05-01,292700
2024-05-01,451500
2024-05-01,392100
2024-05-01,522600
2024-05-01,171500
2024-05-01,881200
2024-05-01,274400
2024-05-01,469700
2024-05-01,240700
2024-05-01,326300
2024-05-01,850000
2024-05-01,271700
2024-05-01,280000
2024-05-01,216000
2024-05-01,565000
2024-05-01,325700
2024-05-01,254900
2024-05-01,258700
2024-05-01,281300
2024-05-01,281100
2024-05-01,544500
2024-05-01,316900
2024-05-01,266100
2024-05-01,370500
2024-05-01,277800
2024-05-01,200600
2024-05-01,296900
2024-05-01,325800
2024-05-01,456300
2024-05-01,351600
2024-05-01,260600
2024-05-01,243500
2024-05-01,384400
2024-05-01,289100
2024-05-01,287600
2024-05-01,1300000
2024-05-01,265700
2024-05-01,461400
2024-05-01,407900
2024-05-01,387400
2024-05-01,329300
2024-05-01,306600
2024-05-01,280000
2024-05-01,690000
2024-05-01,488300
2024-05-01,272400
2024-05-01,500500
2024-05-01,244700
2024-05-01,659100
2024-05-01,408000
2024-05-01,385700
2024-05-01,547300
2024-05-01,352300
2024-05-01,271500
2024-05-01,277300
2024-05-01,304500
2024-05-01,689000
2024-05-01,295300
2024-05-01,309700
2024-05-01,510300
2024-05-01,411600
2024-05-01,488800
2024-05-01,382800
2024-05-01,388000
2024-05-01,356000
2024-05-01,276400
2024-05-01,490100
2024-05-01,283200
2024-05-01,266800
2024-05-01,384000
2024-05-01,177900
2024-05-01,531100
2024-05-01,171700
2024-05-01,296200
2024-05-01,304100
2024-05-01,288300
2024-05-01,276600
2024-05-01,407800
2024-05-01,447600
2024-05-01,412600
2024-05-01,296800
2024-05-01,387400
2024-05-01,242900
2024-05-01,502700
2024-05-01,317900
2024-05-01,397300
2024-05-01,666500
2024-05-01,324600
2024-05-01,365300
2024-05-01,670400
2024-05-01,320600
2024-05-01,390600
2024-05-01,463200
2024-05-01,283300
2024-05-01,570000
2024-05-01,288200
2024-05-01,522900
2024-05-01,204600
2024-05-01,295100
2024-05-01,463700
2024-05-01,385900
2024-05-01,299900
2024-05-01,450400
2024-05-01,330100
2024-05-01,219500
2024-05-01,220800
2024-05-01,95500
2024-05-01,477400
2024-05-01,176900
2024-05-01,559000
2024-05-01,254100
2024-05-01,492500
2024-05-01,275400
2024-05-01,1096300
2024-05-01,859400
2024-05-01,211300
2024-05-01,400200
2024-05-01,185100
2024-05-01,263000
2024-05-01,405900
2024-05-01,655900
2024-05-01,454800
2024-05-01,557200
2024-05-01,343600
2024-05-01,335600
2024-05-01,411000
2024-05-01,519500
2024-05-01,237100
2024-05-01,754300
2024-05-01,322800
2024-05-01,356200
2024-05-01,279200
2024-05-01,243300
2024-05-01,585100
2024-05-01,393900
2024-05-01,520600
2024-05-01,267200
2024-05-01,988100
2024-05-01,229400
2024-05-01,405600
2024-05-01,356300
2024-05-01,485600
2024-05-01,392300
2024-05-01,542200
2024-05-01,308800
2024-05-01,409500
2024-05-01,441300
2024-05-01,262000
2024-05-01,258400
2024-05-01,305900
2024-05-01,540000
2024-05-01,113400
2024-05-01,342800
2024-05-01,249500
2024-05-01,602600
2024-05-01,300800
2024-05-01,643300
2024-05-01,135000
2024-05-01,446700
2024-05-01,496300
2024-05-01,385300
2024-05-01,622200
2024-05-01,122200
2024-05-01,904500
2024-05-01,298900
2024-05-01,531900
2024-05-01,347600
2024-05-01,343600
2024-05-01,361800
2024-05-01,215100
2024-05-01,260000
2024-05-01,424300
2024-05-01,359000
2024-05-01,969700
2024-05-01,325100
2024-05-01,921900
2024-05-01,400600
2024-05-01,360400
2024-05-01,347100
2024-05-01,506000
2024-05-01,533800
2024-05-01,267800
2024-05-01,441400
2024-05-01,493600
2024-05-01,270400
2024-05-01,233800
2024-05-01,215000
2024-05-01,656200
2024-05-01,273900
2024-05-01,886100
2024-05-01,699600
2024-05-01,574400
2024-05-01,556200
2024-05-01,488800
2024-05-01,458300
2024-05-01,540700
2024-05-01,267500
2024-05-01,403200
2024-05-01,376200
2024-05-01,472700
2024-05-01,336800
2024-05-01,279100
2024-05-01,492500
2024-05-01,260500
2024-05-01,345300
2024-05-01,264800
2024-05-01,439300
2024-05-01,388100
2024-05-01,1300000
2024-05-01,360000
2024-05-01,339000
2024-05-01,539000
2024-05-01,361800
2024-05-01,446500
2024-05-01,560900
2024-05-01,421600
2024-05-01,287500
2024-05-01,154700
2024-05-01,303200
2024-05-01,504900
2024-05-01,263300
2024-05-01,526900
2024-05-01,608700
2024-05-01,259000
2024-05-01,224100
2024-05-01,668700
2024-05-01,350000
2024-05-01,955500
2024-05-01,253800
2024-05-01,297200
2024-05-01,246000
2024-05-01,200000
2024-05-01,268100
2024-05-01,306200
2024-05-01,272300
2024-05-01,301700
2024-05-01,223300
2024-05-01,506700
2024-05-01,488600
2024-05-01,355500
2023-06-01,272600
2023-06-01,442300
2023-06-01,488900
2023-06-01,474600
2023-06-01,240900
2023-06-01,181300
2023-06-01,151000
2023-06-01,649800
2023-06-01,594300
2023-06-01,344400
2023-06-01,89100
2023-06-01,337000
2023-06-01,509000
2023-06-01,433900
2023-06-01,151500
2023-06-01,443100
2023-06-01,257000
2023-06-01,192400
2023-06-01,480100
2023-06-01,444400
2023-06-01,521000
2023-06-01,275400
2023-06-01,216100
2023-06-01,285000
2023-06-01,495400
2023-06-01,535100
2023-06-01,292200
2023-06-01,390800
2023-06-01,209200
2023-06-01,428500
2023-06-01,372400
2023-06-01,215500
2023-06-01,329800
2023-06-01,829400
2023-06-01,677400
2023-06-01,238500
2023-06-01,666400
2023-06-01,242900
2023-06-01,289800
2023-06-01,262200
2023-06-01,427600
2023-06-01,469100
2023-06-01,701500
2023-06-01,790000
2023-06-01,422600
2023-06-01,288900
2023-06-01,389700
2023-06-01,162400
2023-06-01,333800
2023-06-01,577600
2023-06-01,640700
2023-06-01,294300
2023-06-01,291400
2023-06-01,337500
2023-06-01,462600
2023-06-01,248200
2023-06-01,238700
2023-06-01,296100
2023-06-01,341200
2023-06-01,281700
2023-06-01,452100
2023-06-01,363400
2023-06-01,521600
2023-06-01,287500
2023-06-01,486000
2023-06-01,164800
2023-06-01,259800
2023-06-01,537500
2023-06-01,659500
2023-06-01,385200
2023-06-01,248800
2023-06-01,267900
2023-06-01,292200
2023-06-01,244600
2023-06-01,251700
2023-06-01,512900
2023-06-01,251000
2023-06-01,257700
2023-06-01,366400
2023-06-01,530700
2023-06-01,420000
2023-06-01,381700
2023-06-01,255800
2023-06-01,409500
2023-06-01,369900
2023-06-01,327500
2023-06-01,303800
2023-06-01,337300
2023-06-01,434200
2023-06-01,239200
2023-06-01,342900
2023-06-01,2736100
2023-06-01,536600
2023-06-01,357400
2023-06-01,220000
2023-06-01,615000
2023-06-01,546700
2023-06-01,255300
2023-06-01,285000
2023-06-01,386300
2023-06-01,389600
2023-06-01,729200
2023-06-01,223000
2023-06-01,241900
2023-06-01,243900
2023-06-01,345600
2023-06-01,366500
2023-06-01,371300
2023-06-01,237100
2023-06-01,201800
2023-06-01,432600
2023-06-01,238300
2023-06-01,275500
2023-06-01,186100
2023-06-01,390000
2023-06-01,645600
2023-06-01,410400
2023-06-01,521200
2023-06-01,376200
2023-06-01,214100
2023-06-01,302300
2023-06-01,380400
2023-06-01,493100
2023-06-01,349700
2023-06-01,305100
2023-06-01,861900
2023-06-01,311700
2023-06-01,251500
2023-06-01,386900
2023-06-01,215600
2023-06-01,576400
2023-06-01,563300
2023-06-01,334100
2023-06-01,248400
2023-06-01,307100
2023-06-01,298100
2023-06-01,579100
2023-06-01,321700
2023-06-01,307700
2023-06-01,325000
2023-06-01,315100
2023-06-01,390600
2023-06-01,813700
2023-06-01,331500
2023-06-01,419800
2023-06-01,358600
2023-06-01,380700
2023-06-01,374700
2023-06-01,447200
2023-06-01,185900
2023-06-01,258400
2023-06-01,478000
2023-06-01,190300
2023-06-01,257200
2023-06-01,244500
2023-06-01,398400
2023-06-01,299400
2023-06-01,472700
2023-06-01,589800
2023-06-01,283800
2023-06-01,329800
2023-06-01,338300
2023-06-01,262300
2023-06-01,354900
2023-06-01,498000
2023-06-01,468900
2023-06-01,428000
2023-06-01,977600
2023-06-01,172500
2023-06-01,350200
2023-06-01,395100
2023-06-01,298000
2023-06-01,452500
2023-06-01,168000
2023-06-01,462300
2023-06-01,352900
2023-06-01,573500
2023-06-01,350400
2023-06-01,310500
2023-06-01,274200
2023-06-01,1220800
2023-06-01,442100
2023-06-01,181300
2023-06-01,327800
2023-06-01,507200
2023-06-01,416900
2023-06-01,465100
2023-06-01,491600
2023-06-01,253400
2023-06-01,303700
2023-06-01,321800
2023-06-01,623900
2023-06-01,377800
2023-06-01,219900
2023-06-01,469100
2023-06-01,797000
2023-06-01,496400
2023-06-01,709900
2023-06-01,1375000
2023-06-01,512000
2023-06-01,272900
2023-06-01,305000
2023-06-01,314300
2023-06-01,290500
2023-06-01,346500
2023-06-01,536200
2023-06-01,371500
2023-06-01,448100
2023-06-01,210600
2023-06-01,365000
2023-06-01,231600
2023-06-01,257300
2023-06-01,461200
2023-06-01,261700
2023-06-01,619400
2023-06-01,286400
2023-06-01,703300
2023-06-01,266700
2023-06-01,261500
2023-06-01,259600
2023-06-01,251800
2023-06-01,361000
2023-06-01,516800
2023-06-01,315400
2023-06-01,436500
2023-06-01,270900
2023-06-01,292300
2023-06-01,265000
2023-06-01,437900
2023-06-01,249900
2023-06-01,499200
2023-06-01,258800
2023-06-01,286900
2023-06-01,305200
2023-06-01,467800
2023-06-01,344300
2023-06-01,423600
2023-06-01,146500
2023-06-01,305900
2023-06-01,251000
2023-06-01,841200
2023-06-01,393700
2023-06-01,619700
2023-06-01,285800
2023-06-01,319300
2023-06-01,597900
2023-06-01,302400
2023-06-01,800000
2023-06-01,626300
2023-06-01,241900
2023-06-01,506000
2023-06-01,387300
2024-06-01,262700
2024-06-01,326300
2024-06-01,292500
2024-06-01,380900
2024-06-01,650200
2024-06-01,354200
2024-06-01,1173600
2024-06-01,631600
2024-06-01,322600
2024-06-01,388700
2024-06-01,420500
2024-06-01,300500
2024-06-01,886600
2024-06-01,649500
2024-06-01,568300
2024-06-01,316700
2024-06-01,198100
2024-06-01,259900
2024-06-01,623100
2024-06-01,145600
2024-06-01,390500
2024-06-01,245700
2024-06-01,302700
2024-06-01,542700
2024-06-01,222600
2024-06-01,592700
2024-06-01,308200
2024-06-01,220700
2024-06-01,450200
2024-06-01,1260000
2024-06-01,548900
2024-06-01,314800
2024-06-01,342200
2024-06-01,221200
2024-06-01,173500
2024-06-01,286600
2024-06-01,640100
2024-06-01,415100
2024-06-01,325300
2024-06-01,404000
2024-06-01,476200
2024-06-01,856800
2024-06-01,272600
2024-06-01,316800
2024-06-01,492200
2024-06-01,207400
2024-06-01,184300
2024-06-01,334400
2024-06-01,279300
2024-06-01,515600
2024-06-01,405300
2024-06-01,865800
2024-06-01,348000
2024-06-01,323700
2024-06-01,296000
2024-06-01,198600
2024-06-01,426400
2024-06-01,548900
2024-06-01,417400
2024-06-01,328600
2024-06-01,663300
2024-06-01,637200
2024-06-01,318400
2024-06-01,344800
2024-06-01,360000
2024-06-01,287300
2024-06-01,710500
2024-06-01,541900
2024-06-01,521100
2024-06-01,401100
2024-06-01,287700
2024-06-01,515300
2024-06-01,394800
2024-06-01,247900
2024-06-01,258000
2024-06-01,550200
2024-06-01,596400
2024-06-01,407100
2024-06-01,307700
2024-06-01,677700
2024-06-01,305300
2024-06-01,258200
2024-06-01,181600
2024-06-01,361400
2024-06-01,345500
2024-06-01,643700
2024-06-01,298100
2024-06-01,663200
2024-06-01,401800
2024-06-01,394300
2024-06-01,357200
2024-06-01,399300
2024-06-01,205000
2024-06-01,296100
2024-06-01,271300
2024-06-01,346900
2024-06-01,264400
2024-06-01,267100
2024-06-01,504500
2024-06-01,299600
2024-06-01,406400
2024-06-01,306800
2024-06-01,823400
2024-06-01,288600
2024-06-01,510900
2024-06-01,252400
2024-06-01,276700
2024-06-01,255800
2024-06-01,425100
2024-06-01,296100
2024-06-01,882500
2024-06-01,276700
2024-06-01,398600
2024-06-01,542400
2024-06-01,330800
2024-06-01,341900
2024-06-01,219100
2024-06-01,258100
2024-06-01,282500
2024-06-01,265000
2024-06-01,315400
2024-06-01,649400
2024-06-01,363100
2024-06-01,355200
2024-06-01,608200
2024-06-01,250300
2024-06-01,358600
2024-06-01,269800
2024-06-01,461500
2024-06-01,214400
2024-06-01,281300
2024-06-01,365400
2024-06-01,518100
2024-06-01,502900
2024-06-01,164500
2024-06-01,389700
2024-06-01,319500
2024-06-01,331300
2024-06-01,487500
2024-06-01,495100
2024-06-01,467500
2024-06-01,387500
2024-06-01,278600
2024-06-01,347700
2024-06-01,384500
2024-06-01,570700
2024-06-01,422500
2024-06-01,287500
2024-06-01,408800
2024-06-01,433000
2024-06-01,420200
2024-06-01,242200
2024-06-01,430400
2024-06-01,313000
2024-06-01,455800
2024-06-01,445600
2024-06-01,178000
2024-06-01,355500
2024-06-01,250400
2024-06-01,333400
2024-06-01,498000
2024-06-01,308900
2024-06-01,835000
2024-06-01,444300
2024-06-01,201300
2024-06-01,364600
2024-06-01,262500
2024-06-01,555700
2024-06-01,442000
2024-06-01,474900
2024-06-01,259800
2024-06-01,394000
2024-06-01,419500
2024-06-01,180500
2024-06-01,528800
2024-06-01,194800
2024-06-01,418500
2024-06-01,407600
2024-06-01,273800
2024-06-01,378500
2024-06-01,490500
2024-06-01,454700
2024-06-01,269600
2024-06-01,639800
2024-06-01,249700
2024-06-01,299700
2024-06-01,336100
2024-06-01,274600
2024-06-01,472900
2024-06-01,247600
2024-06-01,285100
2024-06-01,574400
2024-06-01,277300
2024-06-01,257700
2024-06-01,402600
2024-06-01,293100
2024-06-01,353700
2024-06-01,274400
2024-06-01,238600
2024-06-01,337100
2024-06-01,536600
2024-06-01,353000
2024-06-01,218400
2024-06-01,462700
2024-06-01,253900
2024-06-01,598700
2024-06-01,1012200
2024-06-01,444900
2024-06-01,475000
2024-06-01,337100
2024-06-01,679400
2024-06-01,528500
2024-06-01,268000
2024-06-01,298800
2024-06-01,122500
2024-06-01,362900
2024-06-01,122800
2024-06-01,284500
2024-06-01,252700
2024-06-01,205800
2024-06-01,263900
2024-06-01,621700
2024-06-01,702900
2024-06-01,597500
2024-06-01,481900
2024-06-01,405900
2024-06-01,240500
2024-06-01,328300
2024-06-01,528300
2024-06-01,1027900
2024-06-01,294900
2024-06-01,290900
2024-06-01,493100
2024-06-01,528800
2024-06-01,453100
2024-06-01,499200
2024-06-01,1285000
2024-06-01,393000
2024-06-01,578900
2024-06-01,420200
2024-06-01,313500
2024-06-01,114000
2024-06-01,764600
2024-06-01,527300
2024-06-01,1005100
2024-06-01,450700
2024-06-01,612300
2024-06-01,285700
2024-06-01,315800
2024-06-01,263000
2023-07-01,346700
2023-07-01,442100
2023-07-01,333000
2023-07-01,169200
2023-07-01,340800
2023-07-01,278700
2023-07-01,257300
2023-07-01,330600
2023-07-01,387100
2023-07-01,183800
2023-07-01,440600
2023-07-01,186400
2023-07-01,455100
2023-07-01,198000
2023-07-01,231900
2023-07-01,245200
2023-07-01,540200
2023-07-01,367300
2023-07-01,988200
2023-07-01,352200
2023-07-01,316200
2023-07-01,294000
2023-07-01,306700
2023-07-01,264800
2023-07-01,430100
2023-07-01,516400
2023-07-01,261800
2023-07-01,348500
2023-07-01,175600
2023-07-01,498700
2023-07-01,322500
2023-07-01,376600
2023-07-01,795400
2023-07-01,456800
2023-07-01,287400
2023-07-01,453700
2023-07-01,450000
2023-07-01,460600
2023-07-01,485500
2023-07-01,347800
2023-07-01,73500
2023-07-01,406800
2023-07-01,402300
2023-07-01,460200
2023-07-01,253000
2023-07-01,514700
2023-07-01,399000
2023-07-01,993300
2023-07-01,248300
2023-07-01,426200
2023-07-01,304300
2023-07-01,317300
2023-07-01,389200
2023-07-01,278300
2023-07-01,528200
2023-07-01,334900
2023-07-01,462200
2023-07-01,825000
2023-07-01,1201700
2023-07-01,622800
2023-07-01,408400
2023-07-01,317200
2023-07-01,557200
2023-07-01,305800
2023-07-01,409000
2023-07-01,286500
2023-07-01,342000
2023-07-01,268200
2023-07-01,264400
2023-07-01,631800
2023-07-01,432400
2023-07-01,285800
2023-07-01,269000
2023-07-01,248700
2023-07-01,259400
2023-07-01,200600
2023-07-01,501400
2023-07-01,446900
2023-07-01,295800
2023-07-01,594700
2023-07-01,303600
2023-07-01,259700
2023-07-01,235400
2023-07-01,208100
2023-07-01,166000
2023-07-01,379800
2023-07-01,290200
2023-07-01,521800
2023-07-01,479700
2023-07-01,482000
2023-07-01,583000
2023-07-01,400200
2023-07-01,281000
2023-07-01,903800
2023-07-01,431800
2023-07-01,566600
2023-07-01,354500
2023-07-01,281800
2023-07-01,246100
2023-07-01,358700
2023-07-01,222100
2023-07-01,525100
2023-07-01,653500
2023-07-01,252800
2023-07-01,422600
2023-07-01,413100
2023-07-01,119400
2023-07-01,270400
2023-07-01,368600
2023-07-01,436500
2023-07-01,403400
2023-07-01,167200
2023-07-01,340500
2023-07-01,291800
2023-07-01,176600
2023-07-01,610800
2023-07-01,511300
2023-07-01,246900
2023-07-01,488000
2023-07-01,171800
2023-07-01,256200
2023-07-01,614000
2023-07-01,296800
2023-07-01,328500
2023-07-01,203700
2023-07-01,262600
2023-07-01,472800
2023-07-01,275100
2023-07-01,507900
2023-07-01,374600
2023-07-01,400200
2023-07-01,621900
2023-07-01,765000
2023-07-01,280800
2023-07-01,790000
2023-07-01,295900
2023-07-01,216600
2023-07-01,454600
2023-07-01,500900
2023-07-01,267600
2023-07-01,632800
2023-07-01,231100
2023-07-01,539000
2023-07-01,279200
2023-07-01,382500
2023-07-01,388500
2023-07-01,267200
2023-07-01,250300
2023-07-01,458300
2023-07-01,455400
2023-07-01,368400
2023-07-01,250400
2023-07-01,445600
2023-07-01,291800
2023-07-01,633400
2023-07-01,262100
2023-07-01,309900
2023-07-01,225900
2023-07-01,510900
2023-07-01,250100
2023-07-01,356200
2023-07-01,520500
2023-07-01,389400
2023-07-01,364900
2023-07-01,262100
2023-07-01,301100
2023-07-01,810300
2023-07-01,311900
2023-07-01,243100
2023-07-01,379200
2023-07-01,615000
2023-07-01,218700
2023-07-01,800300
2023-07-01,362600
2023-07-01,477300
2023-07-01,381400
2023-07-01,293000
2023-07-01,225000
2023-07-01,352800
2023-07-01,569200
2023-07-01,936500
2023-07-01,404200
2023-07-01,265100
2023-07-01,321200
2023-07-01,1065000
2023-07-01,227100
2023-07-01,81800
2023-07-01,338900
2023-07-01,256900
2023-07-01,262800
2023-07-01,457500
2023-07-01,292100
2023-07-01,179100
2023-07-01,479900
2023-07-01,258700
2023-07-01,440500
2023-07-01,439100
2023-07-01,248200
2023-07-01,392800
2023-07-01,366800
2023-07-01,394600
2023-07-01,637200
2023-07-01,215700
2023-07-01,383600
2023-07-01,293800
2023-07-01,456200
2023-07-01,653800
2023-07-01,268000
2023-07-01,193200
2023-07-01,231800
2023-07-01,355100
2023-07-01,364000
2023-07-01,199200
2023-07-01,268100
2023-07-01,389600
2023-07-01,383500
2023-07-01,608700
2023-07-01,378000
2023-07-01,325000
2023-07-01,668400
2023-07-01,354200
2023-07-01,246300
2023-07-01,280200
2023-07-01,420800
2023-07-01,179200
2023-07-01,262200
2023-07-01,243800
2023-07-01,316700
2023-07-01,254400
2023-07-01,313900
2023-07-01,513200
2023-07-01,413400
2023-07-01,343400
2023-07-01,443000
2023-07-01,718000
2023-07-01,261800
2023-07-01,452300
2023-07-01,524900
2023-07-01,303200
2023-07-01,152500
2023-07-01,248500
2023-07-01,529200
2023-07-01,783300
2023-07-01,248400
2023-07-01,711000
2023-07-01,336300
2023-07-01,435800
2023-07-01,243100
2023-07-01,317500
2023-07-01,310100
2023-07-01,266300
2023-07-01,515200
2024-07-01,333900
2024-07-01,1085100
2024-07-01,251700
2024-07-01,376500
2024-07-01,286400
2024-07-01,309300
2024-07-01,497500
2024-07-01,667600
2024-07-01,655500
2024-07-01,635000
2024-07-01,328900
2024-07-01,468800
2024-07-01,315100
2024-07-01,573900
2024-07-01,441400
2024-07-01,684300
2024-07-01,250600
2024-07-01,875000
2024-07-01,423600
2024-07-01,239000
2024-07-01,261900
2024-07-01,409600
2024-07-01,358200
2024-07-01,406300
2024-07-01,352600
2024-07-01,235900
2024-07-01,351100
2024-07-01,263800
2024-07-01,822500
2024-07-01,483000
2024-07-01,217400
2024-07-01,284300
2024-07-01,277900
2024-07-01,391300
2024-07-01,462700
2024-07-01,216600
2024-07-01,622500
2024-07-01,303700
2024-07-01,975600
2024-07-01,309800
2024-07-01,385200
2024-07-01,503400
2024-07-01,593200
2024-07-01,407600
2024-07-01,454300
2024-07-01,327600
2024-07-01,338400
2024-07-01,277800
2024-07-01,268400
2024-07-01,186300
2024-07-01,312900
2024-07-01,212100
2024-07-01,286300
2024-07-01,177400
2024-07-01,176100
2024-07-01,675000
2024-07-01,360900
2024-07-01,268400
2024-07-01,675000
2024-07-01,315800
2024-07-01,270300
2024-07-01,299200
2024-07-01,403100
2024-07-01,624500
2024-07-01,167500
2024-07-01,550300
2024-07-01,383800
2024-07-01,848600
2024-07-01,241200
2024-07-01,390300
2024-07-01,242600
2024-07-01,477800
2024-07-01,467500
2024-07-01,508200
2024-07-01,501800
2024-07-01,256300
2024-07-01,244000
2024-07-01,260800
2024-07-01,655700
2024-07-01,415900
2024-07-01,281900
2024-07-01,360000
2024-07-01,130100
2024-07-01,413200
2024-07-01,427700
2024-07-01,265400
2024-07-01,246000
2024-07-01,198900
2024-07-01,273200
2024-07-01,254000
2024-07-01,229400
2024-07-01,500000
2024-07-01,261300
2024-07-01,468300
2024-07-01,506300
2024-07-01,1171300
2024-07-01,406400
2024-07-01,258900
2024-07-01,221400
2024-07-01,154300
2024-07-01,399500
2024-07-01,377800
2024-07-01,389200
2024-07-01,347600
2024-07-01,345400
2024-07-01,303500
2024-07-01,493500
2024-07-01,257500
2024-07-01,402600
2024-07-01,779900
2024-07-01,276600
2024-07-01,331300
2024-07-01,307600
2024-07-01,270900
2024-07-01,360300
2024-07-01,222000
2024-07-01,1250200
2024-07-01,353800
2024-07-01,360500
2024-07-01,357500
2024-07-01,169800
2024-07-01,277100
2024-07-01,378800
2024-07-01,286500
2024-07-01,255700
2024-07-01,89900
2024-07-01,307500
2024-07-01,460000
2024-07-01,313700
2024-07-01,290100
2024-07-01,586200
2024-07-01,404000
2024-07-01,622300
2024-07-01,455400
2024-07-01,387800
2024-07-01,329900
2024-07-01,470000
2024-07-01,291700
2024-07-01,488400
2024-07-01,298900
2024-07-01,232000
2024-07-01,338700
2024-07-01,557600
2024-07-01,316700
2024-07-01,442900
2024-07-01,837100
2024-07-01,254200
2024-07-01,388800
2024-07-01,316400
2024-07-01,289500
2024-07-01,338700
2024-07-01,307000
2024-07-01,498300
2024-07-01,360300
2024-07-01,267500
2024-07-01,241900
2024-07-01,527200
2024-07-01,534800
2024-07-01,186500
2024-07-01,524900
2024-07-01,500000
2024-07-01,360200
2024-07-01,573600
2024-07-01,550100
2024-07-01,537800
2024-07-01,363900
2024-07-01,383500
2024-07-01,270700
2024-07-01,511800
2024-07-01,770000
2024-07-01,231700
2024-07-01,582000
2024-07-01,705800
2024-07-01,587200
2024-07-01,273300
2024-07-01,291500
2024-07-01,342800
2024-07-01,435000
2024-07-01,335700
2024-07-01,402000
2024-07-01,260400
2024-07-01,193500
2024-07-01,254400
2024-07-01,393600
2024-07-01,417500
2024-07-01,266100
2024-07-01,299200
2024-07-01,556200
2024-07-01,305200
2024-07-01,269500
2024-07-01,287400
2024-07-01,450000
2024-07-01,382800
2024-07-01,521600
2024-07-01,293600
2024-07-01,447100
2024-07-01,654200
2024-07-01,1305000
2024-07-01,560400
2024-07-01,284700
2024-07-01,373500
2024-07-01,302700
2024-07-01,485400
2024-07-01,649000
2024-07-01,484400
2024-07-01,213000
2024-07-01,249500
2024-07-01,468700
2024-07-01,523700
2024-07-01,251400
2024-07-01,532600
2024-07-01,414400
2024-07-01,867500
2024-07-01,191500
2024-07-01,324300
2024-07-01,360800
2024-07-01,248600
2024-07-01,651600
2024-07-01,333700
2024-07-01,471500
2024-07-01,244400
2024-07-01,477900
2024-07-01,193100
2024-07-01,302000
2024-07-01,353300
2024-07-01,573300
2024-07-01,517100
2024-07-01,557000
2024-07-01,312200
2024-07-01,399400
2024-07-01,353500
2024-07-01,305600
2024-07-01,195500
2024-07-01,474500
2024-07-01,339600
2024-07-01,529800
2024-07-01,169300
2024-07-01,383000
2024-07-01,448700
2024-07-01,1001100
2024-07-01,460600
2024-07-01,280600
2024-07-01,424800
2024-07-01,309500
2024-07-01,280100
2024-07-01,250200
2024-07-01,287400
2024-07-01,342300
2023-08-01,518000
2023-08-01,317600
2023-08-01,514700
2023-08-01,281000
2023-08-01,520300
2023-08-01,377900
2023-08-01,503100
2023-08-01,224400
2023-08-01,534100
2023-08-01,409300
2023-08-01,433000
2023-08-01,523000
2023-08-01,388500
2023-08-01,250500
2023-08-01,297100
2023-08-01,515700
2023-08-01,472600
2023-08-01,252900
2023-08-01,345700
2023-08-01,261000
2023-08-01,283500
2023-08-01,280500
2023-08-01,262700
2023-08-01,369700
2023-08-01,288200
2023-08-01,264200
2023-08-01,400400
2023-08-01,246000
2023-08-01,532800
2023-08-01,190500
2023-08-01,624500
2023-08-01,243800
2023-08-01,417600
2023-08-01,349800
2023-08-01,260400
2023-08-01,635500
2023-08-01,483400
2023-08-01,385700
2023-08-01,202500
2023-08-01,311900
2023-08-01,335000
2023-08-01,277000
2023-08-01,548500
2023-08-01,474900
2023-08-01,422900
2023-08-01,446900
2023-08-01,512500
2023-08-01,299400
2023-08-01,576500
2023-08-01,266400
2023-08-01,583300
2023-08-01,448500
2023-08-01,297200
2023-08-01,504400
2023-08-01,288900
2023-08-01,599700
2023-08-01,161000
2023-08-01,265200
2023-08-01,405000
2023-08-01,407600
2023-08-01,272200
2023-08-01,877400
2023-08-01,919500
2023-08-01,313600
2023-08-01,212400
2023-08-01,292500
2023-08-01,426300
2023-08-01,238500
2023-08-01,576100
2023-08-01,421200
2023-08-01,406800
2023-08-01,283400
2023-08-01,823800
2023-08-01,439800
2023-08-01,350300
2023-08-01,437600
2023-08-01,236100
2023-08-01,180500
2023-08-01,114700
2023-08-01,246200
2023-08-01,579200
2023-08-01,227800
2023-08-01,453800
2023-08-01,267500
2023-08-01,411700
2023-08-01,249000
2023-08-01,291200
2023-08-01,530500
2023-08-01,564500
2023-08-01,1004400
2023-08-01,362000
2023-08-01,310900
2023-08-01,316200
2023-08-01,540800
2023-08-01,302500
2023-08-01,300900
2023-08-01,180700
2023-08-01,470000
2023-08-01,531400
2023-08-01,265200
2023-08-01,320000
2023-08-01,625000
2023-08-01,435700
2023-08-01,238600
2023-08-01,665300
2023-08-01,356500
2023-08-01,329800
2023-08-01,522800
2023-08-01,540900
2023-08-01,360700
2023-08-01,313900
2023-08-01,264800
2023-08-01,263600
2023-08-01,255200
2023-08-01,367000
2023-08-01,260400
2023-08-01,449500
2023-08-01,416100
2023-08-01,385800
2023-08-01,440100
2023-08-01,480200
2023-08-01,370800
2023-08-01,247900
2023-08-01,280700
2023-08-01,346600
2023-08-01,315200
2023-08-01,315500
2023-08-01,277600
2023-08-01,441700
2023-08-01,701000
2023-08-01,1100000
2023-08-01,816700
2023-08-01,377600
2023-08-01,257900
2023-08-01,700000
2023-08-01,241200
2023-08-01,445700
2023-08-01,484900
2023-08-01,547100
2023-08-01,378800
2023-08-01,364200
2023-08-01,248900
2023-08-01,286000
2023-08-01,351000
2023-08-01,301600
2023-08-01,244100
2023-08-01,392400
2023-08-01,256500
2023-08-01,393600
2023-08-01,471100
2023-08-01,498700
2023-08-01,129400
2023-08-01,614200
2023-08-01,465700
2023-08-01,369200
2023-08-01,384700
2023-08-01,464000
2023-08-01,781300
2023-08-01,246500
2023-08-01,406500
2023-08-01,449300
2023-08-01,172300
2023-08-01,351600
2023-08-01,210300
2023-08-01,750400
2023-08-01,382200
2023-08-01,597900
2023-08-01,108600
2023-08-01,251000
2023-08-01,311200
2023-08-01,246700
2023-08-01,282000
2023-08-01,280100
2023-08-01,315200
2023-08-01,221600
2023-08-01,353200
2023-08-01,221400
2023-08-01,285000
2023-08-01,357900
2023-08-01,328800
2023-08-01,265500
2023-08-01,617600
2023-08-01,422900
2023-08-01,333600
2023-08-01,353000
2023-08-01,315800
2023-08-01,633200
2023-08-01,455800
2023-08-01,792800
2023-08-01,362100
2023-08-01,416800
2023-08-01,336100
2023-08-01,288300
2023-08-01,606400
2023-08-01,472600
2023-08-01,248100
2023-08-01,265200
2023-08-01,159300
2023-08-01,310900
2023-08-01,449500
2023-08-01,168700
2023-08-01,380600
2023-08-01,701500
2023-08-01,353200
2023-08-01,417200
2023-08-01,424500
2023-08-01,118800
2023-08-01,256900
2023-08-01,638200
2023-08-01,338500
2023-08-01,266300
2023-08-01,655800
2023-08-01,274600
2023-08-01,349200
2023-08-01,204300
2023-08-01,383200
2023-08-01,138400
2023-08-01,253100
2023-08-01,785000
2023-08-01,401800
2023-08-01,373900
2023-08-01,176200
2023-08-01,605300
2023-08-01,278100
2023-08-01,271200
2023-08-01,232900
2023-08-01,253000
2023-08-01,311900
2023-08-01,201800
2023-08-01,397500
2023-08-01,326700
2023-08-01,246100
2023-08-01,336600
2023-08-01,369600
2023-08-01,154500
2023-08-01,571000
2023-08-01,198000
2023-08-01,463700
2023-08-01,344300
2023-08-01,638200
2023-08-01,352800
2023-08-01,381600
2023-08-01,268600
2023-08-01,275100
2023-08-01,259200
2023-08-01,175900
2023-08-01,642600
2023-08-01,185100
2023-08-01,508900
2023-08-01,266100
2023-08-01,236500
2023-08-01,555000
2024-08-01,592800
2024-08-01,269000
2024-08-01,631900
2024-08-01,552700
2024-08-01,315600
2024-08-01,257600
2024-08-01,833700
2024-08-01,481400
2024-08-01,264900
2024-08-01,460300
2024-08-01,629500
2024-08-01,244700
2024-08-01,265900
2024-08-01,555500
2024-08-01,343900
2024-08-01,225100
2024-08-01,511900
2024-08-01,556900
2024-08-01,314400
2024-08-01,229000
2024-08-01,425100
2024-08-01,750000
2024-08-01,1050600
2024-08-01,267100
2024-08-01,452400
2024-08-01,320900
2024-08-01,457000
2024-08-01,351700
2024-08-01,297600
2024-08-01,528500
2024-08-01,299900
2024-08-01,585000
2024-08-01,251600
2024-08-01,179400
2024-08-01,204100
2024-08-01,567500
2024-08-01,318000
2024-08-01,438800
2024-08-01,287000
2024-08-01,405600
2024-08-01,368800
2024-08-01,240600
2024-08-01,551700
2024-08-01,498700
2024-08-01,361300
2024-08-01,227200
2024-08-01,508700
2024-08-01,314700
2024-08-01,398000
2024-08-01,335500
2024-08-01,613000
2024-08-01,244400
2024-08-01,267600
2024-08-01,678600
2024-08-01,428300
2024-08-01,376700
2024-08-01,360200
2024-08-01,465900
2024-08-01,260000
2024-08-01,785500
2024-08-01,835000
2024-08-01,268600
2024-08-01,504600
2024-08-01,555700
2024-08-01,250000
2024-08-01,563500
2024-08-01,279600
2024-08-01,1300000
2024-08-01,403400
2024-08-01,279500
2024-08-01,335700
2024-08-01,210400
2024-08-01,479100
2024-08-01,152300
2024-08-01,309300
2024-08-01,456600
2024-08-01,311600
2024-08-01,449500
2024-08-01,242100
2024-08-01,244800
2024-08-01,565300
2024-08-01,184700
2024-08-01,579800
2024-08-01,296600
2024-08-01,410000
2024-08-01,232300
2024-08-01,395300
2024-08-01,282800
2024-08-01,413500
2024-08-01,409500
2024-08-01,436800
2024-08-01,431100
2024-08-01,376800
2024-08-01,367500
2024-08-01,329500
2024-08-01,2200000
2024-08-01,367700
2024-08-01,650000
2024-08-01,214200
2024-08-01,464900
2024-08-01,437600
2024-08-01,304800
2024-08-01,650900
2024-08-01,271000
2024-08-01,643600
2024-08-01,243900
2024-08-01,283300
2024-08-01,523500
2024-08-01,332400
2024-08-01,378800
2024-08-01,314300
2024-08-01,268400
2024-08-01,209600
2024-08-01,324900
2024-08-01,890100
2024-08-01,190800
2024-08-01,183700
2024-08-01,512000
2024-08-01,572200
2024-08-01,507800
2024-08-01,515900
2024-08-01,412500
2024-08-01,458700
2024-08-01,327900
2024-08-01,285700
2024-08-01,342200
2024-08-01,400600
2024-08-01,983900
2024-08-01,296800
2024-08-01,385600
2024-08-01,354700
2024-08-01,541300
2024-08-01,372700
2024-08-01,412000
2024-08-01,527800
2024-08-01,684000
2024-08-01,194000
2024-08-01,264200
2024-08-01,358100
2024-08-01,370900
2024-08-01,441400
2024-08-01,668800
2024-08-01,302700
2024-08-01,850200
2024-08-01,310200
2024-08-01,547500
2024-08-01,340900
2024-08-01,278400
2024-08-01,310800
2024-08-01,301900
2024-08-01,284200
2024-08-01,1027100
2024-08-01,336800
2024-08-01,521700
2024-08-01,352300
2024-08-01,300500
2024-08-01,339800
2024-08-01,645600
2024-08-01,250800
2024-08-01,590200
2024-08-01,382300
2024-08-01,252400
2024-08-01,317900
2024-08-01,321900
2024-08-01,365700
2024-08-01,207600
2024-08-01,237100
2024-08-01,410000
2024-08-01,286200
2024-08-01,345700
2024-08-01,359600
2024-08-01,270100
2024-08-01,347900
2024-08-01,450600
2024-08-01,498800
2024-08-01,548100
2024-08-01,305900
2024-08-01,354700
2024-08-01,382000
2024-08-01,190000
2024-08-01,279400
2024-08-01,449900
2024-08-01,629600
2024-08-01,339200
2024-08-01,396500
2024-08-01,257500
2024-08-01,448700
2024-08-01,436500
2024-08-01,524500
2024-08-01,245700
2024-08-01,385100
2024-08-01,465700
2024-08-01,590000
2024-08-01,230800
2024-08-01,264100
2024-08-01,191000
2024-08-01,498400
2024-08-01,430700
2024-08-01,243800
2024-08-01,112400
2024-08-01,271200
2024-08-01,401300
2024-08-01,275800
2024-08-01,422600
2024-08-01,220500
2024-08-01,255500
2024-08-01,257600
2024-08-01,456900
2024-08-01,274300
2024-08-01,817200
2024-08-01,411200
2024-08-01,326700
2024-08-01,644400
2024-08-01,270000
2024-08-01,301300
2024-08-01,209200
2024-08-01,72300
2024-08-01,252200
2024-08-01,385900
2024-08-01,450700
2024-08-01,479000
2024-08-01,435600
2024-08-01,488400
2024-08-01,271800
2024-08-01,414900
2024-08-01,255900
2024-08-01,663300
2024-08-01,845700
2024-08-01,375500
2024-08-01,328600
2024-08-01,268600
2024-08-01,266500
2024-08-01,503400
2024-08-01,273100
2024-08-01,139700
2024-08-01,356800
2024-08-01,290400
2024-08-01,212100
2024-08-01,282100
2024-08-01,254900
2024-08-01,671300
2024-08-01,400700
2024-08-01,581800
2024-08-01,363800
2024-08-01,300900
2024-08-01,256800
2024-08-01,475900
2024-08-01,396600
2023-09-01,251500
2023-09-01,1608900
2023-09-01,441900
2023-09-01,283400
2023-09-01,75000
2023-09-01,446300
2023-09-01,452800
2023-09-01,688200
2023-09-01,315000
2023-09-01,552600
2023-09-01,337700
2023-09-01,374900
2023-09-01,487000
2023-09-01,380200
2023-09-01,289800
2023-09-01,308600
2023-09-01,376600
2023-09-01,394900
2023-09-01,285000
2023-09-01,396300
2023-09-01,424500
2023-09-01,248100
2023-09-01,252400
2023-09-01,199100
2023-09-01,736200
2023-09-01,435000
2023-09-01,251200
2023-09-01,610900
2023-09-01,509700
2023-09-01,659000
2023-09-01,268300
2023-09-01,601900
2023-09-01,322700
2023-09-01,308000
2023-09-01,501100
2023-09-01,273000
2023-09-01,417500
2023-09-01,285900
2023-09-01,181000
2023-09-01,290600
2023-09-01,256100
2023-09-01,517500
2023-09-01,396300
2023-09-01,351300
2023-09-01,174800
2023-09-01,257700
2023-09-01,579100
2023-09-01,531500
2023-09-01,326800
2023-09-01,364300
2023-09-01,435100
2023-09-01,249200
2023-09-01,217600
2023-09-01,252100
2023-09-01,263800
2023-09-01,238000
2023-09-01,499700
2023-09-01,261400
2023-09-01,1067500
2023-09-01,780000
2023-09-01,426200
2023-09-01,272700
2023-09-01,583600
2023-09-01,334400
2023-09-01,402900
2023-09-01,387600
2023-09-01,437300
2023-09-01,634600
2023-09-01,427400
2023-09-01,352800
2023-09-01,281100
2023-09-01,246300
2023-09-01,566800
2023-09-01,439500
2023-09-01,372200
2023-09-01,655000
2023-09-01,479600
2023-09-01,222000
2023-09-01,305800
2023-09-01,414000
2023-09-01,600900
2023-09-01,310800
2023-09-01,237000
2023-09-01,316700
2023-09-01,233700
2023-09-01,232700
2023-09-01,370900
2023-09-01,369900
2023-09-01,409900
2023-09-01,194200
2023-09-01,492700
2023-09-01,310200
2023-09-01,259000
2023-09-01,624500
2023-09-01,245400
2023-09-01,272200
2023-09-01,1359100
2023-09-01,228600
2023-09-01,313800
2023-09-01,249300
2023-09-01,508000
2023-09-01,916400
2023-09-01,264600
2023-09-01,363000
2023-09-01,520000
2023-09-01,500700
2023-09-01,501100
2023-09-01,231500
2023-09-01,275000
2023-09-01,365200
2023-09-01,218200
2023-09-01,162000
2023-09-01,569500
2023-09-01,501500
2023-09-01,359400
2023-09-01,247800
2023-09-01,214600
2023-09-01,338400
2023-09-01,303900
2023-09-01,234500
2023-09-01,321900
2023-09-01,281000
2023-09-01,677100
2023-09-01,815700
2023-09-01,251800
2023-09-01,265900
2023-09-01,366900
2023-09-01,146200
2023-09-01,350000
2023-09-01,490700
2023-09-01,274800
2023-09-01,930500
2023-09-01,215500
2023-09-01,452700
2023-09-01,417800
2023-09-01,209100
2023-09-01,333800
2023-09-01,365800
2023-09-01,429100
2023-09-01,296800
2023-09-01,479300
2023-09-01,314000
2023-09-01,145300
2023-09-01,345400
2023-09-01,251100
2023-09-01,449400
2023-09-01,321500
2023-09-01,570100
2023-09-01,227000
2023-09-01,365600
2023-09-01,1000000
2023-09-01,148900
2023-09-01,606800
2023-09-01,253000
2023-09-01,331500
2023-09-01,228300
2023-09-01,347400
2023-09-01,226000
2023-09-01,394300
2023-09-01,352600
2023-09-01,257200
2023-09-01,437400
2023-09-01,686400
2023-09-01,276500
2023-09-01,277500
2023-09-01,266300
2023-09-01,265400
2023-09-01,393200
2023-09-01,213500
2023-09-01,229300
2023-09-01,448400
2023-09-01,409500
2023-09-01,274400
2023-09-01,241800
2023-09-01,833000
2023-09-01,348800
2023-09-01,622300
2023-09-01,505800
2023-09-01,275800
2023-09-01,241700
2023-09-01,237300
2023-09-01,251900
2023-09-01,611700
2023-09-01,785900
2023-09-01,468400
2023-09-01,306700
2023-09-01,310000
2023-09-01,468200
2023-09-01,296700
2023-09-01,359500
2023-09-01,442100
2023-09-01,281400
2023-09-01,235600
2023-09-01,470600
2023-09-01,344400
2023-09-01,267800
2023-09-01,571100
2023-09-01,352500
2023-09-01,230400
2023-09-01,155600
2023-09-01,351100
2023-09-01,269600
2023-09-01,525100
2023-09-01,298400
2023-09-01,451200
2023-09-01,300600
2023-09-01,253300
2023-09-01,213000
2023-09-01,565700
2023-09-01,471100
2023-09-01,254500
2023-09-01,250300
2023-09-01,532900
2023-09-01,384000
2023-09-01,403600
2023-09-01,492400
2023-09-01,311700
2023-09-01,435100
2023-09-01,609400
2023-09-01,631600
2023-09-01,456100
2023-09-01,366900
2023-09-01,270200
2023-09-01,387200
2023-09-01,234600
2023-09-01,270800
2023-09-01,272900
2023-09-01,416400
2023-09-01,239700
2023-09-01,309500
2023-09-01,429600
2023-09-01,246300
2023-09-01,197900
2023-09-01,247900
2023-09-01,375300
2023-09-01,237600
2023-09-01,293700
2023-09-01,529000
2023-09-01,437400
2023-09-01,475300
2023-09-01,214400
2023-09-01,539700
2023-09-01,201600
2023-09-01,740300
2023-09-01,342400
2023-09-01,502400
2023-09-01,355800
2023-09-01,306700
2023-09-01,656700
2023-09-01,200800
2023-09-01,372200
2024-09-01,490700
2024-09-01,530300
2024-09-01,665100
2024-09-01,456500
2024-09-01,364500
2024-09-01,306100
2024-09-01,358100
2024-09-01,285000
2024-09-01,1204200
2024-09-01,292300
2024-09-01,441400
2024-09-01,568800
2024-09-01,650000
2024-09-01,244000
2024-09-01,307900
2024-09-01,395900
2024-09-01,186600
2024-09-01,330000
2024-09-01,469300
2024-09-01,523900
2024-09-01,262200
2024-09-01,399000
2024-09-01,219400
2024-09-01,366500
2024-09-01,538100
2024-09-01,391600
2024-09-01,418300
2024-09-01,294400
2024-09-01,168000
2024-09-01,330400
2024-09-01,444200
2024-09-01,1965600
2024-09-01,383000
2024-09-01,234900
2024-09-01,360200
2024-09-01,405900
2024-09-01,459400
2024-09-01,433200
2024-09-01,388300
2024-09-01,376600
2024-09-01,281900
2024-09-01,514200
2024-09-01,256200
2024-09-01,277000
2024-09-01,551300
2024-09-01,529000
2024-09-01,310900
2024-09-01,296900
2024-09-01,278900
2024-09-01,679100
2024-09-01,634300
2024-09-01,719100
2024-09-01,433100
2024-09-01,211400
2024-09-01,246600
2024-09-01,292000
2024-09-01,62500
2024-09-01,834300
2024-09-01,620200
2024-09-01,270500
2024-09-01,404000
2024-09-01,587800
2024-09-01,252400
2024-09-01,846600
2024-09-01,295400
2024-09-01,273800
2024-09-01,356900
2024-09-01,493700
2024-09-01,658400
2024-09-01,442500
2024-09-01,265200
2024-09-01,414800
2024-09-01,383100
2024-09-01,288100
2024-09-01,512300
2024-09-01,160300
2024-09-01,296600
2024-09-01,262900
2024-09-01,472600
2024-09-01,266200
2024-09-01,281200
2024-09-01,141200
2024-09-01,549000
2024-09-01,598100
2024-09-01,482100
2024-09-01,265900
2024-09-01,814500
2024-09-01,263100
2024-09-01,351800
2024-09-01,234700
2024-09-01,311100
2024-09-01,392200
2024-09-01,383600
2024-09-01,251900
2024-09-01,244600
2024-09-01,552200
2024-09-01,395000
2024-09-01,470300
2024-09-01,295300
2024-09-01,506300
2024-09-01,549400
2024-09-01,344500
2024-09-01,2230000
2024-09-01,246300
2024-09-01,364900
2024-09-01,390100
2024-09-01,303800
2024-09-01,526900
2024-09-01,248200
2024-09-01,200600
2024-09-01,216500
2024-09-01,357200
2024-09-01,478900
2024-09-01,268900
2024-09-01,281300
2024-09-01,1020200
2024-09-01,423800
2024-09-01,481000
2024-09-01,254800
2024-09-01,382000
2024-09-01,634600
2024-09-01,247200
2024-09-01,784500
2024-09-01,549100
2024-09-01,393600
2024-09-01,433800
2024-09-01,1335600
2024-09-01,517700
2024-09-01,473300
2024-09-01,432800
2024-09-01,367200
2024-09-01,516400
2024-09-01,268200
2024-09-01,273700
2024-09-01,820000
2024-09-01,215800
2024-09-01,318200
2024-09-01,244200
2024-09-01,331300
2024-09-01,295200
2024-09-01,311600
2024-09-01,215600
2024-09-01,526600
2024-09-01,530800
2024-09-01,320800
2024-09-01,315900
2024-09-01,310600
2024-09-01,232400
2024-09-01,166300
2024-09-01,388100
2024-09-01,435500
2024-09-01,293700
2024-09-01,324300
2024-09-01,334000
2024-09-01,605800
2024-09-01,203400
2024-09-01,631200
2024-09-01,524000
2024-09-01,377700
2024-09-01,236100
2024-09-01,437800
2024-09-01,531200
2024-09-01,161300
2024-09-01,491300
2024-09-01,428300
2024-09-01,252700
2024-09-01,355000
2024-09-01,321400
2024-09-01,235500
2024-09-01,245000
2024-09-01,176100
2024-09-01,256600
2024-09-01,267500
2024-09-01,267900
2024-09-01,292100
2024-09-01,454700
2024-09-01,364900
2024-09-01,536700
2024-09-01,600100
2024-09-01,336300
2024-09-01,381900
2024-09-01,497900
2024-09-01,268900
2024-09-01,347400
2024-09-01,318800
2024-09-01,347400
2024-09-01,500200
2024-09-01,610500
2024-09-01,275000
2024-09-01,292100
2024-09-01,469400
2024-09-01,277800
2024-09-01,545600
2024-09-01,376500
2024-09-01,329300
2024-09-01,344900
2024-09-01,411100
2024-09-01,365100
2024-09-01,638900
2024-09-01,238000
2024-09-01,449900
2024-09-01,275500
2024-09-01,258600
2024-09-01,430000
2024-09-01,467500
2024-09-01,313500
2024-09-01,440600
2024-09-01,236800
2024-09-01,245800
2024-09-01,549000
2024-09-01,237000
2024-09-01,366200
2024-09-01,547700
2024-09-01,444000
2024-09-01,659800
2024-09-01,340300
2024-09-01,187100
2024-09-01,312000
2024-09-01,650000
2024-09-01,350200
2024-09-01,289200
2024-09-01,264400
2024-09-01,324800
2024-09-01,184600
2024-09-01,359300
2024-09-01,637800
2024-09-01,250200
2024-09-01,800000
2024-09-01,374800
2024-09-01,299500
2024-09-01,255700
2024-09-01,262600
2024-09-01,536600
2024-09-01,242300
2024-09-01,357600
2024-09-01,996800
2024-09-01,345400
2024-09-01,293100
2024-09-01,881900
2024-09-01,426800
2024-09-01,250300
2024-09-01,1025800
2024-09-01,413500
2024-09-01,144000
2024-09-01,407300
2024-09-01,198900
2024-09-01,281000
2024-09-01,290400
2024-09-01,625100
2024-09-01,177200
2024-09-01,224600
